,random,semi_random,true
0,0,1,5
1,5,2,2
2,1,4,4
3,3,4,1
4,2,3,3
5,0,4,5
6,2,1,0
7,2,4,0
8,0,4,1
9,0,1,5
10,3,1,5
11,4,1,5
12,0,0,1
13,4,1,1
14,0,5,1
15,3,4,5
16,4,2,2
17,5,5,5
18,0,1,1
19,0,0,1
20,0,1,4
21,1,5,1
22,5,1,5
23,5,0,4
24,2,5,4
25,3,4,5
26,3,5,5
27,4,4,1
28,0,1,4
29,2,5,5
30,0,0,0
31,3,0,1
32,2,4,1
33,1,4,5
34,0,1,1
35,5,5,4
36,5,4,5
37,5,1,5
38,5,5,1
39,3,4,5
40,3,4,5
41,1,4,1
42,5,5,0
43,4,4,0
44,2,4,5
45,1,5,1
46,3,0,1
47,2,4,1
48,0,1,1
49,5,1,5
50,4,4,5
51,2,1,5
52,0,1,1
53,0,5,4
54,2,0,5
55,1,0,1
56,2,5,5
57,2,2,2
58,1,4,1
59,2,0,0
60,3,1,4
61,1,4,4
62,5,1,1
63,1,0,5
64,4,5,4
65,0,4,1
66,2,5,5
67,1,1,5
68,1,0,5
69,3,1,5
70,0,4,1
71,4,1,1
72,3,0,5
73,3,1,4
74,5,5,1
75,3,1,5
76,2,4,1
77,5,4,1
78,4,5,1
79,0,2,2
80,3,5,1
81,2,4,5
82,0,1,0
83,3,0,5
84,1,5,5
85,1,1,4
86,5,4,1
87,5,5,4
88,3,1,5
89,3,1,5
90,0,4,4
91,0,0,5
92,0,1,5
93,1,4,1
94,1,3,3
95,4,1,5
96,4,0,1
97,5,5,5
98,3,5,1
99,5,5,1
100,1,5,4
101,4,4,5
102,1,1,5
103,5,0,5
104,2,5,5
105,1,1,5
106,3,0,1
107,4,4,1
108,5,1,5
109,1,4,5
110,3,5,5
111,5,2,3
112,3,5,4
113,0,5,5
114,1,1,4
115,2,5,5
116,0,1,0
117,3,4,4
118,5,0,1
119,3,0,5
120,1,0,5
121,4,0,5
122,4,0,0
123,4,3,2
124,3,2,2
125,2,5,0
126,5,4,5
127,2,0,5
128,5,4,1
129,5,5,4
130,3,4,1
131,2,5,5
132,2,1,1
133,5,1,5
134,0,0,1
135,2,1,0
136,0,1,5
137,5,4,1
138,1,4,5
139,2,4,0
140,3,5,1
141,3,1,1
142,3,4,4
143,0,5,1
144,4,1,4
145,4,4,5
146,0,4,5
147,3,3,2
148,3,3,2
149,0,3,3
150,2,0,1
151,3,4,0
152,2,2,2
153,0,1,5
154,0,1,1
155,1,4,5
156,0,0,1
157,3,1,4
158,3,0,5
159,2,5,5
160,3,4,5
161,5,5,5
162,4,0,1
163,0,0,5
164,1,5,1
165,2,5,1
166,2,4,1
167,1,4,0
168,4,5,1
169,2,5,1
170,2,1,1
171,1,0,0
172,4,4,1
173,0,4,5
174,4,5,5
175,1,0,1
176,2,0,0
177,4,4,1
178,2,5,5
179,1,2,3
180,4,5,5
181,5,4,1
182,5,1,0
183,0,4,5
184,5,4,5
185,1,4,1
186,4,0,5
187,4,1,4
188,3,5,1
189,4,4,1
190,5,4,4
191,4,1,0
192,4,5,1
193,4,0,5
194,3,0,5
195,2,0,5
196,4,3,3
197,5,4,1
198,4,5,4
199,3,1,4
200,5,4,4
201,3,1,5
202,4,5,1
203,1,4,5
204,4,4,0
205,5,4,1
206,0,1,4
207,4,3,2
208,3,0,1
209,2,4,5
210,1,0,0
211,0,4,5
212,5,4,1
213,0,1,5
214,4,4,5
215,4,4,4
216,3,0,1
217,2,4,1
218,4,4,1
219,4,4,0
220,0,1,1
221,1,4,1
222,2,4,1
223,5,4,5
224,0,5,5
225,3,0,5
226,4,5,0
227,2,0,5
228,1,4,1
229,3,5,4
230,1,0,1
231,5,0,5
232,2,2,2
233,4,1,1
234,5,2,2
235,2,4,0
236,3,0,5
237,2,5,0
238,5,5,1
239,4,4,5
240,5,1,4
241,1,1,1
242,5,0,1
243,0,4,5
244,2,4,1
245,1,5,5
246,4,1,1
247,0,2,2
248,4,5,5
249,5,5,1
250,0,1,5
251,3,1,1
252,3,3,3
253,3,1,5
254,5,1,1
255,5,3,2
256,0,4,0
257,5,1,1
258,0,5,5
259,3,1,5
260,4,5,1
261,3,1,5
262,1,0,1
263,0,1,0
264,0,1,1
265,2,4,4
266,1,4,4
267,0,0,5
268,2,0,4
269,5,1,1
270,4,5,1
271,3,0,5
272,0,4,1
273,2,3,3
274,2,1,5
275,4,4,1
276,1,2,2
277,0,5,5
278,5,5,1
279,5,4,5
280,5,5,0
281,1,5,4
282,1,0,5
283,5,1,5
284,2,4,1
285,2,5,1
286,5,2,2
287,5,3,3
288,4,1,4
289,4,0,1
290,5,5,1
291,1,1,4
292,5,0,5
293,2,0,5
294,0,5,4
295,1,0,5
296,1,5,4
297,5,4,5
298,3,0,5
299,5,5,5
300,4,5,1
301,4,0,1
302,0,1,1
303,0,4,5
304,2,1,1
305,4,1,5
306,5,1,1
307,2,1,5
308,0,1,1
309,0,1,1
310,0,2,3
311,0,5,1
312,1,4,5
313,2,1,4
314,0,0,5
315,4,2,2
316,5,2,3
317,3,5,5
318,4,0,5
319,5,0,1
320,0,5,1
321,0,2,2
322,2,1,5
323,2,0,5
324,3,1,5
325,3,5,4
326,3,5,0
327,3,5,4
328,5,4,1
329,5,5,4
330,5,2,3
331,5,4,5
332,2,4,5
333,4,1,0
334,2,5,5
335,0,4,4
336,0,0,1
337,0,1,5
338,0,4,1
339,4,5,1
340,2,4,5
341,3,0,5
342,5,5,5
343,3,5,5
344,2,3,2
345,4,4,1
346,3,1,0
347,3,4,5
348,1,1,5
349,1,5,1
350,4,1,5
351,5,1,1
352,0,1,1
353,5,4,5
354,0,4,4
355,2,5,5
356,1,4,0
357,1,2,2
358,5,1,0
359,4,5,1
360,0,1,1
361,1,3,3
362,4,1,4
363,3,4,1
364,2,5,5
365,5,4,5
366,5,0,1
367,3,5,1
368,1,0,5
369,2,4,1
370,0,0,1
371,0,2,2
372,4,0,5
373,4,1,5
374,0,1,4
375,2,5,5
376,0,5,5
377,2,4,4
378,5,0,1
379,0,0,1
380,5,5,5
381,0,5,1
382,0,3,2
383,3,0,1
384,4,1,5
385,5,4,1
386,5,5,1
387,5,4,1
388,1,5,5
389,3,1,1
390,2,1,5
391,2,0,5
392,0,2,3
393,0,2,2
394,5,4,4
395,5,5,0
396,0,3,2
397,0,4,4
398,4,5,5
399,1,1,1
400,3,1,5
401,5,5,5
402,4,4,1
403,4,2,2
404,4,3,3
405,0,4,0
406,1,0,5
407,0,4,1
408,1,1,1
409,2,4,5
410,2,5,5
411,0,5,0
412,5,2,3
413,4,4,1
414,4,5,1
415,2,5,1
416,4,1,5
417,5,5,5
418,2,5,1
419,0,0,5
420,1,0,1
421,2,4,4
422,0,0,4
423,1,0,1
424,5,1,5
425,3,1,5
426,5,5,5
427,3,0,1
428,2,1,5
429,1,5,5
430,5,1,1
431,1,1,1
432,2,4,0
433,3,5,1
434,4,4,5
435,3,4,1
436,3,1,5
437,0,0,5
438,3,3,2
439,4,0,1
440,0,5,0
441,4,5,1
442,0,5,0
443,5,5,0
444,3,5,0
445,1,4,0
446,2,5,1
447,1,3,2
448,3,0,5
449,3,4,5
450,5,3,3
451,2,4,1
452,1,5,1
453,4,4,5
454,2,4,5
455,0,5,1
456,0,5,1
457,5,5,1
458,5,4,1
459,4,5,1
460,2,4,4
461,3,5,5
462,2,5,1
463,1,1,5
464,3,5,0
465,0,4,0
466,1,5,5
467,2,4,0
468,3,5,5
469,3,4,1
470,5,5,1
471,3,1,4
472,2,1,0
473,3,0,1
474,2,4,1
475,2,5,5
476,3,5,0
477,2,0,1
478,3,0,1
479,2,1,4
480,5,5,5
481,3,1,5
482,5,1,1
483,4,1,1
484,3,0,1
485,2,3,2
486,0,5,5
487,3,0,5
488,3,5,1
489,0,5,4
490,4,1,1
491,1,0,1
492,5,4,0
493,4,1,5
494,2,3,2
495,5,4,5
496,2,4,4
497,4,0,5
498,4,1,5
499,1,2,2
500,3,4,5
501,2,3,2
502,1,1,5
503,0,1,1
504,0,5,1
505,1,0,1
506,0,3,3
507,2,5,5
508,0,3,2
509,4,1,0
510,4,5,5
511,5,0,5
512,0,1,1
513,4,0,1
514,3,0,0
515,5,5,0
516,1,0,5
517,2,3,2
518,2,5,5
519,2,4,5
520,5,4,0
521,2,1,0
522,4,0,1
523,1,4,5
524,5,0,1
525,1,1,4
526,5,1,1
527,1,1,5
528,0,0,5
529,0,0,1
530,3,0,1
531,3,5,1
532,4,4,0
533,1,3,2
534,5,1,1
535,1,4,5
536,3,1,1
537,1,5,1
538,1,5,1
539,0,5,5
540,3,2,3
541,4,1,1
542,2,5,5
543,3,5,5
544,1,0,1
545,4,3,3
546,0,4,1
547,3,0,1
548,4,1,1
549,1,4,5
550,5,5,4
551,5,1,4
552,2,4,5
553,0,5,1
554,2,1,5
555,5,0,5
556,2,4,4
557,0,0,5
558,4,5,1
559,2,1,5
560,4,0,1
561,2,1,4
562,0,4,1
563,1,1,1
564,0,4,0
565,0,1,5
566,1,0,1
567,2,0,4
568,1,1,0
569,4,0,5
570,2,2,2
571,4,1,5
572,1,5,5
573,4,5,5
574,2,0,5
575,5,1,5
576,2,0,0
577,0,4,0
578,4,0,1
579,5,4,5
580,2,5,4
581,1,4,5
582,3,0,1
583,0,4,5
584,5,5,5
585,0,0,1
586,0,1,5
587,3,0,1
588,3,4,5
589,0,5,1
590,2,4,0
591,1,4,5
592,2,5,5
593,0,4,1
594,4,0,5
595,5,4,4
596,4,5,5
597,2,1,0
598,4,1,1
599,0,0,1
600,1,0,5
601,0,0,1
602,4,0,4
603,3,1,5
604,2,0,5
605,2,5,5
606,3,1,5
607,3,1,0
608,5,1,5
609,2,4,0
610,0,5,1
611,4,5,1
612,5,0,5
613,1,3,3
614,1,0,1
615,2,4,5
616,5,1,1
617,0,1,1
618,0,3,2
619,0,4,5
620,5,4,5
621,5,3,2
622,2,1,1
623,2,4,1
624,0,4,1
625,4,1,5
626,4,4,5
627,5,5,5
628,1,0,1
629,1,0,5
630,3,1,5
631,3,0,1
632,3,5,1
633,1,4,5
634,1,4,5
635,5,0,5
636,5,5,5
637,4,4,0
638,3,5,0
639,1,0,5
640,2,1,1
641,1,0,1
642,4,5,4
643,2,2,2
644,3,1,5
645,4,4,1
646,3,4,5
647,0,4,5
648,0,0,5
649,0,5,5
650,0,0,5
651,1,5,4
652,4,1,5
653,3,5,4
654,1,1,4
655,5,1,4
656,5,4,5
657,0,5,1
658,4,5,5
659,4,4,5
660,0,1,5
661,1,5,1
662,1,1,1
663,3,4,1
664,5,3,3
665,0,1,1
666,3,0,5
667,2,0,4
668,5,4,1
669,5,4,1
670,3,0,4
671,5,1,5
672,4,1,4
673,3,1,5
674,1,1,5
675,2,1,1
676,0,5,0
677,0,0,1
678,1,0,1
679,2,5,5
680,1,4,5
681,5,4,0
682,3,5,4
683,0,3,2
684,4,1,1
685,3,1,5
686,1,1,1
687,1,0,5
688,5,5,5
689,4,5,5
690,4,5,5
691,5,1,4
692,5,0,5
693,2,2,3
694,5,0,4
695,4,4,1
696,1,4,1
697,1,5,5
698,2,4,1
699,1,1,4
700,1,4,5
701,0,5,5
702,1,1,4
703,4,5,1
704,4,4,0
705,4,4,1
706,1,5,4
707,1,5,0
708,5,4,1
709,4,5,0
710,2,3,2
711,4,4,5
712,3,1,1
713,5,4,1
714,2,1,1
715,2,0,5
716,5,4,5
717,2,5,5
718,3,4,5
719,0,4,1
720,4,5,1
721,0,4,5
722,4,4,1
723,1,4,5
724,3,0,5
725,5,5,5
726,2,4,1
727,5,1,5
728,0,1,5
729,2,0,4
730,4,0,5
731,2,4,5
732,1,2,2
733,2,5,5
734,3,4,5
735,5,0,5
736,1,3,2
737,1,3,2
738,5,5,5
739,2,0,5
740,0,4,1
741,1,5,4
742,0,0,4
743,3,1,5
744,1,1,5
745,1,4,5
746,1,5,4
747,1,0,5
748,2,3,2
749,1,4,1
750,2,0,1
751,1,0,5
752,3,1,4
753,0,5,1
754,5,5,0
755,5,4,1
756,1,4,5
757,1,0,5
758,2,5,5
759,1,4,1
760,3,3,2
761,0,4,1
762,3,0,5
763,1,1,5
764,5,4,5
765,2,0,0
766,4,0,5
767,3,4,0
768,0,0,5
769,2,0,4
770,2,1,5
771,4,0,5
772,1,4,5
773,0,5,1
774,5,1,5
775,0,4,5
776,4,5,5
777,3,4,1
778,5,0,5
779,2,4,5
780,1,5,4
781,5,5,1
782,2,5,4
783,5,1,5
784,4,1,0
785,4,1,1
786,2,0,5
787,0,4,1
788,1,5,5
789,1,1,1
790,3,1,1
791,3,0,1
792,2,0,4
793,4,0,0
794,3,1,5
795,3,1,1
796,1,5,5
797,5,4,1
798,0,1,5
799,0,2,2
800,1,5,5
801,2,5,0
802,4,1,5
803,3,4,0
804,4,1,5
805,0,1,5
806,4,5,5
807,5,4,1
808,3,4,5
809,0,5,1
810,3,2,3
811,4,0,1
812,4,3,3
813,0,2,2
814,5,1,5
815,0,4,4
816,4,0,5
817,2,4,5
818,1,5,5
819,3,4,5
820,5,1,1
821,5,4,5
822,5,0,5
823,1,5,1
824,3,0,5
825,5,0,4
826,2,5,1
827,4,4,1
828,2,4,0
829,0,0,1
830,3,5,1
831,1,4,5
832,2,1,0
833,0,5,1
834,0,5,1
835,2,4,1
836,0,1,1
837,0,2,3
838,5,0,5
839,1,1,1
840,2,5,5
841,2,0,1
842,0,1,5
843,0,5,1
844,0,4,1
845,4,5,5
846,0,0,0
847,1,4,4
848,1,5,5
849,0,0,1
850,0,1,5
851,2,0,1
852,0,1,1
853,2,0,5
854,5,0,5
855,4,0,5
856,3,2,3
857,1,4,5
858,2,2,3
859,4,0,5
860,5,0,0
861,2,5,1
862,3,5,5
863,5,5,5
864,1,4,1
865,4,4,5
866,5,0,5
867,3,5,4
868,3,1,5
869,1,4,1
870,1,1,1
871,2,1,0
872,4,5,1
873,0,0,4
874,1,5,1
875,0,1,5
876,2,4,5
877,1,5,1
878,5,5,4
879,0,4,1
880,1,5,1
881,5,1,0
882,4,2,3
883,4,2,2
884,4,1,5
885,5,1,0
886,4,5,5
887,5,3,3
888,3,3,2
889,5,4,1
890,0,4,5
891,3,5,1
892,5,4,5
893,0,1,1
894,3,4,5
895,3,3,2
896,3,5,1
897,0,5,4
898,1,1,1
899,3,4,0
900,0,1,1
901,0,5,5
902,1,0,1
903,2,4,5
904,1,4,5
905,4,2,2
906,4,0,5
907,3,1,1
908,1,4,5
909,4,1,4
910,2,1,4
911,0,0,1
912,0,2,2
913,2,0,0
914,3,0,5
915,2,0,5
916,0,0,5
917,1,5,1
918,1,4,5
919,5,4,1
920,3,5,1
921,1,5,5
922,4,4,5
923,3,2,2
924,4,5,5
925,4,4,1
926,4,1,0
927,0,1,0
928,1,5,5
929,4,5,5
930,0,0,1
931,0,5,5
932,4,0,1
933,5,1,0
934,5,4,0
935,0,0,5
936,3,0,4
937,4,0,1
938,5,1,5
939,5,1,5
940,5,5,0
941,5,4,5
942,3,4,1
943,3,1,5
944,1,5,5
945,0,0,0
946,3,0,1
947,5,1,5
948,4,1,5
949,2,5,5
950,3,4,0
951,1,5,5
952,1,1,4
953,1,1,0
954,1,0,1
955,3,2,3
956,1,4,1
957,4,5,4
958,4,1,4
959,0,1,4
960,1,2,3
961,3,5,5
962,2,5,4
963,1,0,1
964,1,1,1
965,3,5,4
966,1,2,2
967,5,4,4
968,1,1,4
969,3,5,1
970,3,1,5
971,5,0,4
972,1,4,5
973,2,5,1
974,0,3,2
975,1,0,5
976,0,4,5
977,1,5,1
978,5,5,5
979,3,0,5
980,1,1,4
981,0,1,5
982,3,4,5
983,1,2,3
984,3,0,5
985,0,0,5
986,5,1,4
987,3,4,5
988,1,0,4
989,3,2,2
990,5,5,5
991,2,0,5
992,2,4,5
993,3,0,5
994,5,5,5
995,5,4,5
996,3,4,5
997,5,3,2
998,2,4,1
999,5,1,5
1000,3,5,1
1001,3,2,3
1002,2,0,1
1003,3,1,4
1004,3,3,2
1005,5,0,5
1006,3,1,5
1007,4,0,1
1008,4,0,5
1009,2,5,5
1010,3,5,1
1011,1,1,5
1012,5,1,4
1013,3,0,5
1014,3,5,4
1015,4,0,1
1016,3,5,4
1017,3,0,1
1018,4,0,1
1019,5,5,1
1020,4,0,5
1021,1,3,3
1022,2,4,5
1023,4,5,5
1024,0,4,0
1025,3,1,5
1026,3,4,4
1027,5,1,1
1028,5,5,1
1029,3,4,0
1030,1,1,5
1031,4,4,0
1032,3,4,5
1033,0,5,5
1034,5,1,5
1035,3,0,5
1036,3,1,0
1037,0,4,1
1038,3,4,4
1039,1,3,3
1040,0,3,3
1041,5,0,4
1042,0,0,1
1043,5,3,2
1044,3,2,2
1045,2,5,5
1046,4,4,5
1047,3,5,5
1048,0,5,4
1049,4,0,1
1050,5,1,5
1051,1,0,5
1052,0,1,1
1053,5,5,5
1054,2,4,1
1055,5,0,1
1056,0,4,4
1057,3,5,0
1058,0,1,1
1059,0,1,5
1060,3,1,4
1061,3,1,4
1062,4,1,5
1063,1,4,5
1064,4,1,5
1065,0,5,1
1066,0,0,1
1067,4,4,1
1068,5,0,0
1069,4,2,3
1070,3,5,5
1071,3,4,1
1072,2,5,5
1073,1,5,5
1074,2,5,4
1075,4,1,5
1076,2,4,1
1077,4,3,2
1078,2,4,0
1079,5,1,5
1080,3,5,5
1081,3,4,5
1082,4,5,5
1083,2,0,0
1084,5,5,5
1085,3,5,4
1086,1,0,4
1087,5,4,1
1088,0,5,5
1089,2,0,1
1090,4,4,5
1091,4,0,1
1092,1,3,2
1093,0,0,5
1094,0,1,0
1095,3,0,5
1096,4,1,4
1097,3,1,1
1098,3,0,5
1099,4,0,5
1100,1,4,5
1101,5,5,1
1102,3,4,4
1103,1,0,1
1104,1,5,5
1105,1,0,1
1106,0,0,5
1107,1,0,5
1108,3,4,0
1109,5,4,0
1110,1,0,5
1111,5,5,5
1112,2,1,1
1113,1,2,3
1114,2,4,5
1115,3,4,1
1116,2,4,5
1117,2,4,4
1118,2,0,5
1119,3,5,4
1120,1,4,1
1121,1,4,0
1122,2,5,5
1123,3,0,0
1124,0,4,0
1125,0,4,4
1126,0,3,3
1127,3,0,1
1128,4,4,4
1129,2,4,0
1130,5,4,5
1131,5,1,1
1132,4,0,1
1133,0,1,5
1134,0,4,4
1135,4,0,1
1136,5,5,0
1137,2,3,3
1138,0,1,5
1139,1,0,5
1140,3,5,1
1141,1,4,1
1142,1,1,5
1143,1,0,0
1144,3,0,5
1145,5,1,5
1146,0,5,4
1147,0,4,4
1148,2,0,1
1149,0,1,1
1150,5,2,3
1151,5,1,5
1152,4,5,5
1153,0,4,5
1154,3,0,4
1155,3,1,1
1156,2,5,5
1157,5,4,5
1158,3,4,1
1159,4,5,1
1160,4,4,0
1161,4,4,5
1162,3,0,5
1163,2,1,5
1164,3,2,2
1165,5,0,5
1166,2,4,5
1167,2,5,1
1168,3,1,5
1169,2,0,1
1170,4,5,5
1171,1,4,0
1172,5,4,5
1173,3,5,4
1174,5,5,1
1175,1,0,1
1176,5,4,5
1177,1,5,1
1178,1,5,4
1179,4,0,1
1180,5,2,2
1181,1,1,5
1182,5,4,1
1183,4,1,5
1184,0,1,5
1185,0,4,1
1186,2,4,5
1187,5,5,1
1188,2,4,0
1189,3,5,5
1190,4,0,4
1191,2,1,5
1192,5,0,5
1193,0,0,4
1194,1,3,2
1195,0,5,1
1196,0,0,1
1197,2,3,2
1198,1,1,5
1199,2,4,4
1200,1,5,4
1201,5,4,1
1202,2,1,5
1203,3,1,4
1204,0,0,5
1205,4,0,5
1206,2,4,5
1207,3,4,1
1208,1,0,5
1209,1,4,5
1210,2,4,5
1211,4,1,5
1212,4,1,5
1213,1,5,0
1214,5,4,5
1215,5,5,5
1216,2,2,2
1217,3,0,5
1218,1,4,0
1219,2,5,5
1220,0,1,1
1221,0,1,1
1222,0,1,1
1223,1,4,0
1224,5,4,5
1225,3,5,1
1226,5,0,1
1227,0,0,5
1228,4,2,2
1229,4,4,5
1230,0,3,2
1231,1,1,1
1232,2,0,4
1233,5,0,1
1234,5,4,0
1235,4,0,5
1236,2,4,5
1237,0,3,3
1238,5,1,1
1239,0,0,5
1240,2,4,4
1241,5,5,5
1242,2,1,4
1243,5,1,0
1244,5,0,5
1245,1,1,1
1246,4,0,1
1247,3,0,1
1248,3,2,2
1249,1,5,5
1250,4,4,0
1251,3,5,0
1252,3,1,1
1253,5,0,1
1254,4,0,5
1255,5,4,5
1256,0,0,0
1257,4,1,1
1258,3,1,4
1259,1,0,5
1260,0,0,1
1261,3,1,5
1262,3,4,1
1263,3,5,5
1264,4,4,5
1265,0,4,1
1266,1,5,1
1267,0,5,5
1268,5,0,4
1269,4,4,5
1270,2,0,1
1271,5,0,5
1272,2,5,1
1273,4,0,4
1274,3,0,1
1275,2,1,5
1276,3,5,1
1277,0,5,1
1278,1,5,5
1279,2,0,1
1280,1,1,0
1281,2,0,5
1282,1,3,3
1283,0,5,1
1284,3,1,5
1285,0,1,4
1286,1,4,1
1287,1,4,4
1288,1,0,1
1289,0,5,4
1290,1,1,1
1291,1,1,5
1292,4,1,4
1293,2,4,1
1294,3,0,4
1295,3,1,0
1296,4,2,3
1297,5,0,1
1298,5,1,0
1299,3,0,0
1300,0,5,1
1301,3,4,5
1302,0,1,1
1303,4,4,1
1304,2,1,5
1305,4,4,5
1306,0,1,4
1307,2,0,0
1308,3,1,4
1309,1,0,0
1310,5,0,1
1311,0,5,5
1312,2,0,1
1313,5,5,5
1314,4,5,5
1315,5,5,5
1316,4,5,0
1317,3,5,1
1318,3,4,1
1319,5,4,1
1320,4,0,5
1321,4,4,5
1322,3,0,5
1323,3,1,5
1324,3,4,5
1325,5,2,3
1326,3,1,5
1327,5,0,4
1328,0,0,4
1329,5,2,3
1330,2,0,4
1331,3,5,4
1332,2,3,2
1333,1,5,1
1334,4,5,5
1335,3,3,2
1336,0,5,5
1337,5,1,5
1338,2,5,0
1339,3,1,5
1340,1,5,5
1341,3,1,5
1342,5,1,5
1343,4,0,1
1344,1,1,5
1345,0,0,4
1346,3,4,0
1347,3,0,0
1348,3,4,1
1349,0,1,1
1350,4,0,5
1351,5,4,5
1352,1,5,5
1353,0,0,1
1354,4,2,3
1355,3,4,4
1356,2,4,5
1357,5,5,5
1358,1,1,5
1359,3,0,4
1360,2,1,0
1361,4,3,2
1362,2,4,5
1363,4,4,1
1364,1,1,4
1365,0,1,1
1366,2,4,5
1367,2,0,5
1368,1,0,1
1369,3,2,2
1370,3,1,5
1371,5,5,5
1372,2,1,5
1373,3,4,4
1374,0,0,1
1375,4,5,4
1376,4,4,1
1377,0,0,5
1378,4,1,4
1379,1,5,0
1380,5,1,1
1381,1,0,1
1382,0,1,5
1383,5,1,1
1384,5,4,1
1385,2,5,5
1386,0,1,1
1387,2,1,1
1388,4,0,4
1389,1,4,1
1390,4,0,1
1391,5,1,1
1392,5,1,1
1393,3,0,5
1394,4,0,1
1395,5,0,5
1396,0,5,5
1397,2,2,3
1398,5,1,4
1399,5,4,4
1400,2,5,1
1401,2,0,5
1402,2,1,1
1403,4,5,5
1404,1,4,1
1405,1,1,5
1406,5,1,5
1407,5,1,0
1408,5,4,4
1409,3,1,5
1410,3,3,3
1411,0,4,1
1412,4,1,1
1413,5,4,0
1414,0,1,5
1415,5,5,1
1416,0,3,2
1417,5,2,3
1418,4,4,1
1419,2,5,4
1420,1,1,5
1421,0,0,5
1422,2,4,1
1423,3,4,5
1424,0,4,5
1425,0,4,5
1426,1,5,1
1427,3,1,5
1428,2,1,4
1429,4,0,5
1430,2,2,2
1431,2,0,4
1432,2,1,1
1433,0,1,5
1434,1,0,0
1435,4,0,1
1436,5,1,1
1437,3,4,5
1438,3,4,4
1439,2,4,1
1440,2,1,1
1441,5,2,3
1442,3,1,4
1443,4,5,1
1444,1,4,5
1445,3,3,2
1446,3,1,1
1447,0,0,5
1448,4,4,1
1449,4,4,1
1450,3,4,5
1451,0,5,1
1452,0,0,5
1453,0,1,5
1454,3,1,1
1455,0,1,0
1456,2,1,1
1457,3,4,4
1458,0,4,1
1459,5,0,5
1460,3,3,3
1461,0,5,5
1462,0,2,2
1463,0,1,1
1464,3,3,2
1465,2,4,1
1466,2,4,1
1467,5,4,1
1468,3,5,5
1469,5,4,5
1470,0,2,3
1471,3,4,5
1472,1,1,1
1473,3,4,1
1474,5,0,5
1475,0,0,1
1476,1,2,2
1477,0,0,5
1478,4,5,5
1479,3,1,5
1480,3,5,5
1481,0,2,3
1482,5,4,5
1483,0,1,4
1484,0,1,1
1485,3,1,1
1486,0,4,0
1487,2,4,4
1488,1,4,0
1489,5,2,3
1490,2,4,1
1491,3,2,2
1492,2,5,0
1493,2,0,5
1494,4,5,4
1495,3,5,1
1496,1,4,5
1497,4,1,5
1498,5,0,0
1499,3,4,5
1500,3,4,4
1501,2,5,1
1502,2,1,5
1503,5,5,5
1504,5,0,5
1505,0,5,0
1506,0,4,5
1507,1,5,5
1508,0,0,5
1509,5,4,5
1510,3,5,1
1511,5,5,5
1512,0,0,4
1513,3,1,1
1514,5,2,3
1515,1,3,2
1516,0,1,1
1517,5,0,4
1518,5,4,5
1519,3,5,5
1520,4,4,5
1521,0,0,5
1522,3,4,4
1523,1,3,2
1524,1,3,3
1525,0,5,5
1526,4,1,5
1527,1,4,5
1528,2,0,5
1529,5,1,5
1530,2,5,1
1531,0,1,5
1532,5,5,1
1533,1,1,5
1534,1,1,1
1535,1,0,5
1536,5,5,1
1537,2,2,2
1538,0,1,1
1539,0,0,1
1540,1,3,2
1541,2,1,5
1542,1,5,5
1543,4,2,2
1544,4,0,4
1545,1,0,5
1546,5,2,3
1547,3,4,1
1548,3,5,0
1549,5,0,0
1550,0,1,1
1551,5,4,0
1552,3,0,4
1553,5,3,2
1554,0,1,4
1555,3,0,1
1556,5,5,5
1557,3,0,4
1558,5,0,5
1559,0,5,5
1560,1,0,5
1561,3,1,4
1562,5,0,0
1563,1,0,5
1564,4,5,4
1565,0,1,1
1566,5,5,1
1567,0,4,5
1568,5,1,1
1569,2,5,1
1570,5,0,1
1571,0,4,1
1572,0,4,0
1573,0,2,2
1574,4,0,5
1575,4,1,5
1576,1,1,1
1577,4,2,2
1578,2,4,4
1579,4,4,1
1580,2,0,5
1581,2,1,1
1582,0,0,5
1583,3,1,1
1584,0,0,4
1585,0,5,1
1586,2,1,1
1587,3,3,2
1588,3,5,5
1589,3,0,5
1590,2,4,5
1591,0,1,5
1592,5,4,1
1593,0,1,5
1594,4,0,1
1595,4,5,5
1596,0,0,0
1597,1,0,1
1598,2,1,1
1599,2,5,1
1600,0,0,1
1601,0,2,2
1602,4,1,1
1603,3,5,5
1604,1,5,1
1605,3,1,5
1606,4,4,5
1607,5,1,4
1608,0,4,5
1609,0,1,1
1610,1,2,2
1611,5,1,1
1612,0,4,1
1613,0,4,5
1614,0,4,4
1615,3,4,1
1616,1,4,1
1617,2,0,5
1618,0,5,1
1619,5,1,1
1620,3,0,4
1621,5,4,1
1622,2,1,4
1623,5,0,5
1624,2,4,1
1625,0,4,5
1626,2,1,1
1627,2,4,1
1628,3,4,0
1629,1,4,5
1630,2,0,1
1631,1,4,5
1632,5,4,1
1633,2,1,5
1634,0,2,2
1635,1,5,5
1636,1,5,5
1637,3,0,5
1638,5,0,5
1639,1,0,1
1640,2,1,5
1641,2,4,0
1642,2,5,5
1643,3,5,5
1644,1,1,0
1645,5,4,5
1646,1,0,1
1647,4,5,5
1648,3,4,5
1649,0,4,5
1650,2,2,2
1651,3,4,5
1652,1,4,5
1653,0,5,4
1654,0,0,5
1655,0,1,5
1656,1,0,1
1657,3,4,5
1658,1,5,1
1659,1,4,5
1660,3,0,5
1661,3,3,3
1662,5,5,5
1663,1,4,0
1664,3,0,5
1665,2,1,1
1666,3,1,1
1667,2,2,2
1668,1,0,5
1669,3,4,0
1670,4,5,5
1671,0,5,5
1672,5,1,4
1673,0,0,0
1674,0,1,1
1675,1,1,4
1676,3,1,5
1677,2,3,2
1678,3,0,1
1679,5,4,1
1680,3,5,4
1681,4,0,5
1682,3,0,5
1683,2,4,4
1684,2,4,1
1685,3,1,1
1686,2,1,1
1687,1,1,5
1688,1,3,2
1689,3,0,0
1690,0,1,5
1691,3,0,5
1692,1,1,1
1693,5,2,2
1694,2,5,5
1695,3,5,1
1696,1,5,5
1697,2,5,1
1698,4,0,1
1699,0,1,5
1700,3,4,0
1701,4,0,1
1702,1,3,2
1703,5,1,1
1704,5,5,1
1705,5,5,1
1706,5,0,4
1707,1,1,1
1708,3,5,5
1709,3,4,5
1710,1,4,5
1711,3,1,1
1712,3,0,4
1713,2,0,4
1714,3,5,0
1715,1,5,5
1716,1,0,5
1717,2,5,5
1718,3,3,2
1719,1,1,4
1720,0,3,3
1721,2,5,1
1722,1,0,1
1723,2,0,1
1724,3,0,5
1725,3,4,1
1726,2,5,5
1727,0,5,5
1728,0,1,1
1729,3,0,5
1730,5,4,5
1731,4,0,5
1732,3,0,5
1733,0,3,3
1734,0,4,0
1735,3,4,5
1736,5,2,3
1737,2,1,5
1738,2,3,3
1739,2,2,2
1740,3,4,5
1741,0,4,5
1742,2,1,5
1743,2,5,1
1744,3,4,0
1745,2,5,0
1746,2,1,1
1747,0,5,5
1748,2,4,5
1749,5,1,5
1750,5,1,1
1751,4,0,0
1752,2,1,5
1753,2,5,5
1754,4,5,0
1755,2,0,1
1756,0,1,5
1757,2,5,5
1758,0,4,5
1759,2,1,4
1760,3,1,1
1761,5,0,1
1762,3,4,1
1763,3,5,5
1764,4,5,0
1765,1,1,0
1766,5,1,5
1767,5,1,1
1768,2,0,5
1769,0,2,3
1770,0,1,4
1771,5,1,4
1772,1,4,1
1773,1,1,1
1774,0,4,1
1775,1,0,1
1776,0,4,1
1777,1,0,5
1778,0,5,5
1779,5,5,4
1780,2,0,1
1781,1,4,5
1782,1,4,1
1783,5,5,1
1784,0,4,5
1785,3,1,1
1786,1,4,5
1787,5,1,5
1788,3,0,1
1789,2,4,1
1790,3,1,5
1791,2,0,0
1792,0,0,5
1793,1,2,2
1794,3,5,0
1795,5,1,5
1796,2,1,5
1797,5,5,1
1798,4,4,0
1799,5,4,5
1800,3,1,5
1801,3,4,1
1802,0,5,1
1803,2,0,5
1804,1,1,4
1805,4,4,4
1806,4,4,5
1807,5,5,1
1808,2,4,1
1809,5,5,5
1810,1,0,1
1811,3,2,2
1812,1,1,5
1813,5,4,5
1814,1,0,4
1815,4,4,5
1816,1,0,5
1817,5,0,0
1818,1,3,3
1819,0,3,2
1820,2,3,3
1821,4,0,5
1822,4,5,5
1823,1,1,5
1824,1,0,5
1825,2,1,1
1826,3,1,1
1827,2,0,5
1828,3,4,0
1829,0,4,0
1830,4,0,1
1831,5,1,0
1832,1,1,1
1833,3,4,5
1834,4,4,5
1835,5,3,2
1836,1,3,3
1837,1,1,5
1838,3,1,5
1839,1,1,4
1840,1,1,5
1841,0,4,1
1842,4,1,4
1843,0,5,5
1844,1,1,0
1845,3,0,5
1846,1,5,1
1847,1,5,1
1848,1,5,5
1849,5,2,2
1850,4,4,5
1851,5,0,0
1852,2,1,1
1853,2,5,0
1854,4,5,1
1855,0,5,4
1856,0,0,4
1857,2,5,1
1858,5,5,1
1859,4,4,4
1860,2,5,1
1861,0,5,5
1862,3,5,5
1863,1,5,1
1864,1,1,4
1865,4,4,5
1866,4,4,0
1867,5,4,1
1868,3,2,2
1869,3,4,5
1870,5,3,3
1871,0,0,1
1872,5,3,2
1873,3,5,1
1874,4,0,1
1875,2,1,1
1876,3,0,1
1877,3,3,2
1878,0,4,4
1879,3,5,1
1880,3,1,0
1881,5,1,0
1882,5,5,5
1883,4,2,3
1884,3,0,5
1885,0,4,5
1886,4,4,1
1887,5,5,5
1888,5,1,5
1889,3,5,4
1890,0,1,5
1891,4,5,4
1892,3,0,0
1893,5,5,1
1894,0,5,1
1895,4,0,0
1896,0,5,5
1897,5,5,5
1898,4,4,1
1899,1,0,1
1900,4,0,4
1901,2,4,4
1902,4,4,4
1903,0,1,5
1904,5,5,5
1905,1,5,1
1906,1,0,0
1907,2,4,1
1908,0,5,1
1909,0,5,5
1910,5,1,1
1911,0,3,3
1912,0,0,5
1913,0,2,2
1914,1,3,2
1915,4,4,1
1916,2,3,2
1917,1,0,0
1918,5,4,5
1919,5,1,1
1920,1,4,4
1921,3,0,5
1922,1,4,1
1923,3,5,5
1924,2,4,5
1925,2,4,1
1926,3,1,5
1927,3,1,5
1928,5,1,5
1929,2,5,5
1930,2,2,3
1931,1,1,5
1932,1,0,0
1933,3,4,4
1934,2,5,1
1935,4,0,5
1936,5,3,3
1937,3,5,4
1938,3,5,5
1939,1,4,0
1940,4,1,4
1941,5,4,4
1942,0,1,4
1943,0,1,5
1944,0,1,5
1945,0,2,2
1946,4,5,0
1947,2,5,4
1948,0,0,5
1949,4,0,4
1950,5,4,5
1951,0,0,1
1952,4,5,1
1953,0,4,4
1954,5,5,1
1955,3,0,4
1956,0,2,3
1957,4,4,1
1958,2,5,5
1959,4,0,0
1960,5,4,5
1961,0,0,5
1962,1,5,5
1963,5,5,5
1964,3,1,5
1965,0,4,1
1966,2,4,1
1967,3,5,4
1968,1,5,5
1969,2,3,2
1970,2,1,1
1971,2,5,1
1972,0,1,5
1973,3,0,0
1974,0,0,1
1975,1,1,5
1976,3,0,5
1977,2,5,0
1978,0,5,5
1979,4,1,0
1980,5,5,5
1981,5,4,4
1982,1,1,0
1983,4,5,1
1984,0,4,5
1985,4,0,0
1986,2,5,5
1987,0,5,5
1988,0,4,1
1989,2,1,1
1990,5,5,0
1991,5,4,5
1992,2,0,5
1993,3,1,1
1994,4,1,4
1995,5,1,1
1996,0,0,4
1997,4,5,5
1998,3,3,3
1999,5,0,5
2000,5,0,5
2001,4,5,4
2002,0,4,1
2003,5,4,1
2004,0,5,1
2005,0,3,2
2006,2,1,1
2007,1,1,5
2008,4,5,1
2009,1,0,0
2010,4,5,5
2011,4,5,5
2012,5,0,5
2013,4,5,5
2014,5,5,1
2015,2,4,1
2016,1,0,5
2017,1,4,5
2018,1,0,5
2019,0,4,0
2020,1,0,5
2021,3,4,1
2022,3,1,1
2023,2,5,5
2024,1,0,4
2025,1,5,5
2026,5,3,3
2027,2,4,1
2028,5,4,5
2029,0,0,5
2030,1,4,5
2031,3,0,1
2032,4,0,0
2033,0,5,5
2034,1,0,4
2035,5,4,1
2036,2,5,4
2037,5,5,1
2038,1,0,5
2039,5,5,5
2040,5,5,0
2041,0,2,3
2042,1,1,1
2043,4,5,5
2044,5,0,5
2045,3,5,5
2046,1,1,5
2047,1,0,1
2048,4,1,1
2049,4,5,5
2050,4,4,1
2051,4,1,4
2052,4,5,5
2053,2,0,5
2054,1,0,5
2055,4,0,0
2056,5,3,3
2057,3,0,1
2058,0,1,5
2059,4,0,5
2060,1,4,5
2061,4,3,2
2062,0,4,5
2063,3,4,1
2064,3,4,0
2065,1,4,1
2066,2,5,1
2067,3,5,1
2068,5,0,5
2069,1,5,5
2070,5,4,1
2071,4,5,1
2072,0,4,1
2073,5,1,1
2074,5,0,5
2075,0,4,5
2076,2,0,1
2077,5,4,1
2078,4,5,1
2079,4,1,1
2080,3,5,4
2081,1,0,1
2082,1,1,1
2083,5,0,5
2084,5,0,1
2085,5,2,3
2086,0,1,4
2087,0,4,5
2088,4,3,3
2089,2,1,0
2090,2,5,1
2091,3,5,1
2092,4,4,5
2093,0,2,2
2094,3,4,1
2095,0,5,4
2096,1,4,1
2097,1,0,5
2098,2,0,5
2099,2,4,1
2100,4,1,5
2101,2,0,4
2102,3,4,5
2103,1,0,5
2104,2,5,4
2105,0,4,1
2106,5,0,0
2107,0,4,5
2108,5,1,0
2109,3,5,1
2110,2,5,1
2111,0,1,1
2112,2,1,1
2113,4,4,5
2114,4,2,2
2115,5,0,4
2116,5,5,1
2117,1,4,5
2118,1,1,1
2119,5,0,5
2120,5,0,5
2121,1,2,2
2122,3,4,1
2123,1,4,5
2124,0,4,5
2125,0,4,5
2126,2,4,5
2127,5,5,0
2128,5,0,1
2129,5,1,4
2130,3,5,5
2131,3,1,5
2132,0,3,2
2133,0,5,0
2134,2,4,1
2135,4,0,1
2136,1,5,5
2137,4,4,5
2138,1,0,1
2139,0,1,0
2140,1,5,5
2141,2,4,1
2142,2,4,0
2143,4,1,5
2144,5,4,4
2145,2,4,4
2146,4,5,5
2147,2,5,5
2148,3,0,5
2149,3,4,1
2150,2,5,4
2151,1,3,2
2152,2,1,5
2153,0,5,1
2154,3,0,0
2155,1,4,5
2156,5,1,5
2157,5,1,5
2158,4,5,4
2159,1,5,1
2160,0,4,0
2161,2,1,1
2162,5,2,3
2163,3,4,4
2164,5,1,1
2165,4,1,1
2166,1,2,3
2167,0,1,1
2168,5,5,1
2169,1,4,5
2170,5,0,1
2171,0,1,4
2172,0,1,5
2173,2,0,5
2174,1,5,5
2175,4,3,2
2176,0,0,5
2177,2,0,4
2178,3,1,5
2179,1,5,5
2180,2,5,1
2181,5,4,1
2182,2,0,5
2183,2,0,1
2184,5,1,1
2185,0,4,0
2186,1,4,5
2187,5,4,1
2188,5,4,5
2189,4,2,3
2190,5,1,5
2191,3,0,4
2192,1,4,5
2193,4,0,1
2194,5,1,1
2195,4,4,5
2196,3,5,5
2197,1,0,1
2198,4,5,5
2199,2,1,4
2200,2,4,1
2201,1,5,5
2202,5,4,1
2203,0,5,1
2204,4,5,5
2205,2,5,1
2206,2,5,4
2207,5,0,5
2208,3,0,4
2209,3,5,5
2210,4,4,5
2211,0,5,1
2212,5,1,5
2213,5,4,4
2214,0,1,5
2215,3,1,1
2216,3,3,3
2217,4,5,5
2218,0,4,4
2219,2,5,4
2220,2,5,5
2221,0,0,5
2222,3,1,1
2223,5,0,4
2224,0,0,5
2225,3,3,3
2226,0,4,5
2227,3,0,1
2228,3,1,1
2229,0,1,0
2230,0,1,4
2231,1,0,5
2232,1,0,5
2233,5,4,1
2234,4,0,4
2235,1,1,4
2236,0,5,1
2237,0,5,1
2238,1,2,2
2239,5,5,5
2240,4,0,5
2241,0,4,5
2242,3,5,1
2243,5,0,5
2244,4,0,0
2245,2,4,1
2246,5,0,5
2247,0,0,4
2248,5,4,5
2249,0,4,1
2250,3,3,2
2251,2,4,5
2252,1,4,1
2253,1,5,5
2254,3,3,3
2255,5,1,5
2256,1,4,5
2257,1,4,5
2258,1,4,5
2259,4,5,5
2260,4,0,5
2261,5,0,1
2262,4,1,1
2263,1,4,1
2264,2,5,5
2265,3,0,5
2266,5,5,5
2267,5,2,3
2268,0,3,2
2269,0,1,1
2270,1,4,1
2271,4,0,4
2272,5,4,5
2273,3,5,5
2274,4,1,5
2275,1,4,0
2276,1,5,5
2277,3,1,4
2278,4,5,5
2279,3,3,3
2280,1,0,0
2281,1,3,3
2282,2,5,1
2283,0,1,5
2284,3,0,1
2285,5,3,2
2286,2,1,5
2287,4,1,5
2288,2,4,1
2289,0,0,5
2290,0,0,1
2291,0,5,1
2292,4,0,5
2293,0,1,0
2294,0,0,5
2295,1,0,1
2296,5,5,0
2297,4,4,4
2298,5,1,1
2299,5,1,0
2300,3,5,5
2301,1,1,5
2302,2,5,1
2303,5,4,5
2304,3,0,1
2305,2,1,5
2306,1,4,1
2307,1,0,5
2308,1,0,4
2309,4,5,1
2310,0,4,5
2311,3,0,5
2312,4,1,1
2313,0,5,1
2314,4,4,1
2315,1,1,1
2316,1,1,1
2317,2,1,4
2318,2,0,0
2319,0,0,1
2320,0,5,5
2321,3,0,1
2322,3,1,4
2323,4,4,1
2324,0,2,3
2325,3,5,5
2326,3,1,5
2327,3,1,4
2328,4,5,4
2329,5,4,5
2330,1,1,5
2331,1,5,5
2332,4,2,2
2333,4,0,1
2334,2,1,4
2335,0,1,5
2336,3,1,5
2337,3,3,2
2338,0,5,1
2339,5,5,5
2340,2,2,3
2341,2,4,0
2342,4,4,1
2343,3,4,4
2344,5,1,1
2345,0,4,1
2346,2,1,1
2347,3,5,5
2348,5,5,1
2349,1,4,5
2350,3,5,1
2351,2,1,5
2352,0,0,1
2353,4,5,1
2354,4,0,1
2355,4,0,5
2356,4,5,1
2357,5,4,0
2358,0,2,2
2359,3,4,4
2360,3,4,5
2361,5,4,0
2362,0,4,5
2363,3,0,1
2364,5,5,1
2365,5,0,5
2366,1,0,0
2367,1,4,5
2368,3,4,5
2369,3,5,5
2370,1,0,1
2371,2,0,5
2372,4,0,0
2373,1,5,1
2374,2,1,0
2375,1,1,1
2376,0,0,0
2377,1,1,1
2378,3,5,1
2379,5,1,5
2380,1,4,4
2381,5,4,1
2382,5,2,2
2383,4,0,5
2384,5,5,5
2385,1,5,4
2386,2,4,5
2387,5,4,1
2388,5,4,1
2389,4,0,5
2390,0,0,1
2391,3,0,1
2392,5,0,1
2393,0,0,1
2394,0,0,5
2395,2,5,4
2396,5,4,0
2397,5,4,1
2398,3,4,1
2399,4,5,1
2400,5,0,5
2401,4,1,1
2402,4,1,5
2403,0,3,2
2404,2,4,0
2405,4,2,2
2406,3,5,5
2407,3,4,1
2408,0,5,1
2409,3,1,1
2410,4,4,1
2411,5,4,5
2412,2,1,4
2413,3,2,2
2414,4,4,5
2415,1,4,5
2416,2,0,1
2417,3,4,5
2418,3,1,5
2419,4,2,3
2420,5,4,5
2421,0,4,1
2422,0,0,1
2423,0,5,1
2424,2,0,0
2425,5,5,0
2426,2,3,3
2427,5,3,3
2428,4,4,5
2429,1,4,0
2430,3,4,5
2431,4,5,5
2432,2,1,4
2433,1,0,4
2434,0,2,3
2435,4,1,5
2436,0,5,5
2437,4,1,1
2438,4,0,5
2439,0,1,1
2440,4,0,1
2441,2,3,3
2442,4,0,4
2443,3,5,4
2444,2,5,1
2445,4,0,5
2446,5,1,5
2447,2,2,3
2448,1,0,0
2449,4,4,1
2450,0,0,1
2451,3,0,5
2452,2,0,1
2453,0,3,3
2454,5,4,5
2455,2,5,5
2456,2,4,1
2457,1,4,5
2458,5,1,1
2459,4,4,5
2460,5,1,1
2461,2,0,5
2462,0,1,1
2463,4,0,5
2464,5,1,0
2465,5,5,5
2466,4,1,0
2467,4,0,5
2468,2,2,2
2469,3,1,1
2470,4,4,5
2471,2,5,5
2472,0,4,1
2473,0,1,5
2474,1,5,4
2475,4,0,0
2476,3,5,5
2477,0,5,0
2478,1,4,5
2479,2,4,4
2480,3,5,5
2481,3,4,5
2482,3,3,3
2483,4,5,5
2484,1,1,4
2485,3,4,0
2486,1,0,4
2487,3,5,0
2488,1,2,3
2489,1,0,1
2490,0,5,5
2491,2,0,1
2492,1,4,5
2493,3,2,2
2494,1,4,1
2495,2,1,5
2496,1,3,2
2497,5,4,5
2498,3,4,1
2499,5,2,3
2500,3,2,3
2501,4,0,1
2502,1,4,5
2503,1,4,1
2504,5,1,1
2505,4,2,3
2506,3,3,2
2507,4,1,0
2508,2,3,3
2509,2,3,2
2510,4,4,1
2511,4,1,4
2512,4,4,5
2513,3,4,4
2514,1,1,5
2515,5,4,4
2516,5,4,5
2517,5,1,0
2518,3,2,3
2519,0,1,5
2520,5,4,1
2521,2,4,5
2522,2,4,1
2523,3,0,4
2524,4,1,5
2525,1,0,1
2526,0,1,1
2527,2,0,5
2528,4,4,5
2529,4,1,5
2530,3,0,1
2531,4,2,3
2532,1,0,5
2533,4,1,5
2534,5,1,5
2535,1,1,1
2536,0,0,5
2537,1,5,5
2538,3,0,4
2539,5,0,5
2540,4,3,3
2541,2,1,5
2542,3,1,5
2543,3,0,5
2544,1,0,4
2545,5,5,1
2546,5,1,5
2547,5,1,1
2548,3,0,1
2549,1,1,5
2550,3,4,5
2551,4,4,1
2552,1,1,5
2553,2,4,4
2554,0,2,2
2555,4,5,5
2556,0,5,5
2557,5,5,1
2558,0,5,1
2559,5,0,4
2560,3,0,4
2561,0,0,5
2562,5,4,4
2563,0,0,5
2564,0,1,1
2565,4,4,4
2566,5,5,4
2567,2,4,5
2568,2,4,1
2569,4,0,5
2570,1,1,5
2571,2,0,0
2572,4,0,5
2573,2,2,2
2574,2,4,5
2575,3,4,1
2576,4,3,2
2577,1,0,1
2578,4,5,1
2579,5,4,4
2580,5,0,5
2581,5,3,2
2582,1,0,5
2583,4,5,5
2584,3,1,1
2585,4,4,5
2586,4,0,1
2587,0,4,1
2588,1,4,1
2589,5,5,5
2590,0,1,0
2591,3,0,5
2592,3,2,2
2593,3,1,1
2594,5,0,5
2595,4,4,5
2596,1,1,4
2597,2,3,2
2598,1,4,5
2599,3,5,5
2600,5,4,1
2601,0,4,1
2602,4,1,5
2603,1,0,1
2604,2,0,4
2605,4,5,5
2606,3,4,5
2607,5,1,5
2608,4,4,5
2609,5,4,1
2610,4,4,1
2611,1,0,1
2612,5,0,5
2613,1,1,5
2614,0,3,2
2615,4,1,1
2616,1,0,1
2617,5,4,5
2618,2,3,2
2619,5,4,5
2620,5,5,5
2621,3,5,1
2622,0,1,4
2623,1,3,2
2624,4,0,5
2625,2,4,0
2626,0,5,1
2627,3,5,5
2628,1,1,1
2629,1,1,1
2630,3,4,4
2631,3,1,5
2632,2,4,1
2633,0,3,3
2634,1,4,1
2635,1,5,4
2636,5,5,1
2637,2,0,1
2638,2,1,1
2639,4,0,1
2640,4,5,1
2641,3,5,0
2642,4,5,5
2643,0,4,4
2644,2,0,5
2645,3,1,1
2646,5,5,5
2647,0,4,5
2648,4,5,1
2649,5,5,5
2650,5,4,0
2651,4,4,5
2652,1,2,3
2653,3,1,5
2654,5,5,1
2655,1,1,1
2656,3,0,4
2657,2,0,1
2658,5,3,2
2659,5,4,4
2660,3,5,5
2661,5,5,5
2662,1,0,5
2663,0,5,1
2664,1,0,1
2665,2,1,5
2666,3,4,1
2667,2,4,5
2668,5,4,1
2669,3,4,4
2670,4,4,5
2671,5,1,1
2672,2,5,0
2673,5,4,5
2674,1,4,5
2675,0,4,1
2676,3,4,1
2677,4,5,4
2678,0,4,4
2679,5,1,5
2680,3,5,5
2681,4,5,5
2682,3,0,5
2683,5,5,1
2684,2,4,1
2685,4,0,1
2686,3,5,1
2687,1,2,3
2688,1,5,1
2689,4,4,1
2690,4,1,5
2691,3,3,2
2692,4,0,5
2693,3,5,4
2694,3,4,1
2695,2,0,5
2696,3,1,1
2697,3,0,5
2698,5,1,0
2699,3,0,5
2700,1,1,1
2701,4,5,1
2702,2,1,1
2703,3,2,2
2704,2,4,1
2705,3,1,1
2706,1,2,2
2707,1,0,5
2708,4,0,5
2709,2,5,5
2710,5,4,5
2711,5,1,1
2712,2,5,5
2713,0,5,4
2714,0,5,5
2715,4,4,5
2716,5,1,5
2717,2,4,1
2718,5,0,5
2719,0,0,1
2720,4,1,5
2721,4,4,5
2722,1,4,1
2723,0,1,1
2724,3,2,3
2725,3,3,3
2726,5,5,4
2727,4,4,5
2728,0,5,1
2729,0,5,0
2730,0,4,1
2731,5,5,5
2732,2,2,2
2733,0,4,0
2734,2,2,3
2735,1,2,3
2736,1,0,1
2737,2,2,2
2738,3,4,4
2739,2,1,5
2740,4,0,4
2741,0,1,1
2742,4,0,4
2743,4,1,0
2744,3,0,0
2745,4,4,1
2746,2,4,5
2747,1,0,4
2748,4,1,1
2749,2,1,0
2750,0,0,5
2751,0,0,5
2752,1,3,3
2753,5,1,1
2754,3,1,0
2755,4,0,0
2756,3,4,1
2757,2,0,4
2758,5,5,1
2759,0,4,5
2760,4,4,4
2761,0,4,1
2762,4,0,5
2763,3,3,3
2764,4,0,1
2765,5,0,5
2766,5,1,1
2767,2,1,4
2768,2,4,5
2769,5,5,1
2770,5,3,2
2771,3,1,5
2772,2,1,1
2773,5,1,1
2774,4,3,2
2775,4,1,5
2776,4,0,4
2777,4,2,3
2778,3,0,1
2779,4,0,5
2780,3,1,5
2781,2,1,4
2782,2,1,1
2783,0,2,3
2784,1,4,5
2785,1,4,5
2786,0,5,4
2787,1,1,4
2788,3,5,1
2789,4,4,0
2790,0,3,2
2791,4,4,1
2792,2,1,5
2793,5,5,0
2794,4,5,5
2795,4,4,1
2796,0,5,4
2797,3,0,5
2798,5,2,2
2799,2,0,5
2800,5,1,1
2801,0,5,1
2802,1,1,4
2803,0,0,5
2804,5,0,4
2805,3,5,4
2806,2,0,1
2807,1,5,4
2808,5,4,5
2809,2,4,1
2810,0,5,1
2811,3,4,5
2812,1,0,4
2813,4,1,5
2814,0,4,1
2815,0,1,5
2816,5,1,1
2817,5,1,5
2818,3,5,5
2819,1,4,1
2820,0,4,5
2821,1,4,5
2822,1,0,5
2823,1,4,5
2824,1,1,5
2825,4,4,0
2826,5,1,1
2827,3,0,4
2828,5,0,1
2829,3,5,5
2830,4,4,5
2831,0,0,1
2832,0,5,5
2833,5,0,1
2834,2,4,5
2835,5,1,5
2836,1,5,1
2837,2,4,1
2838,3,4,0
2839,0,4,1
2840,2,1,0
2841,3,1,5
2842,0,4,5
2843,0,5,4
2844,1,5,1
2845,2,0,0
2846,1,1,1
2847,1,1,1
2848,5,4,0
2849,5,0,5
2850,5,0,4
2851,5,0,1
2852,1,2,3
2853,5,5,5
2854,3,5,5
2855,5,5,5
2856,0,4,0
2857,2,4,1
2858,2,1,5
2859,4,1,5
2860,1,1,0
2861,2,4,5
2862,5,0,5
2863,3,2,2
2864,0,0,1
2865,2,2,2
2866,0,0,1
2867,0,5,1
2868,2,0,5
2869,5,4,1
2870,1,0,1
2871,4,0,5
2872,4,0,5
2873,1,0,5
2874,3,3,3
2875,2,1,5
2876,1,3,3
2877,4,0,1
2878,4,5,0
2879,5,5,0
2880,5,2,2
2881,4,4,1
2882,4,0,5
2883,0,1,5
2884,2,4,1
2885,1,0,0
2886,5,1,4
2887,1,1,5
2888,0,5,5
2889,0,4,1
2890,0,0,0
2891,1,5,4
2892,0,0,5
2893,2,5,1
2894,5,3,2
2895,0,0,1
2896,4,4,0
2897,0,2,3
2898,2,1,5
2899,3,1,5
2900,5,3,3
2901,5,4,5
2902,4,4,1
2903,2,1,0
2904,1,1,5
2905,2,0,5
2906,2,1,4
2907,5,0,1
2908,0,4,4
2909,2,0,5
2910,5,2,3
2911,2,2,3
2912,5,5,1
2913,4,1,5
2914,1,1,1
2915,2,0,4
2916,5,4,1
2917,2,0,1
2918,1,1,5
2919,5,1,5
2920,2,0,5
2921,2,4,0
2922,3,1,5
2923,5,1,5
2924,5,0,0
2925,4,0,5
2926,2,1,1
2927,0,5,5
2928,5,0,4
2929,0,5,5
2930,2,1,0
2931,1,0,4
2932,4,5,4
2933,5,4,5
2934,3,4,1
2935,2,5,0
2936,2,5,0
2937,3,0,5
2938,2,1,5
2939,0,2,2
2940,4,5,1
2941,4,0,5
2942,5,1,5
2943,0,4,4
2944,3,1,0
2945,2,0,5
2946,3,1,1
2947,3,4,1
2948,0,4,5
2949,3,5,1
2950,0,1,1
2951,0,3,3
2952,4,1,5
2953,5,5,1
2954,5,1,5
2955,3,4,0
2956,0,5,5
2957,3,1,1
2958,0,4,1
2959,0,0,5
2960,1,4,5
2961,0,0,1
2962,1,5,1
2963,1,1,5
2964,4,5,1
2965,2,4,5
2966,4,1,1
2967,2,5,5
2968,4,1,1
2969,3,4,4
2970,2,4,4
2971,3,5,1
2972,3,4,5
2973,2,1,1
2974,5,5,5
2975,0,0,5
2976,1,4,1
2977,3,5,1
2978,3,0,5
2979,0,5,5
2980,2,0,5
2981,5,1,0
2982,4,5,1
2983,5,4,5
2984,2,0,5
2985,2,5,1
2986,1,1,4
2987,2,2,3
2988,2,0,5
2989,4,4,5
2990,2,1,5
2991,0,3,2
2992,2,5,0
2993,4,2,2
2994,5,4,4
2995,3,0,1
2996,2,5,1
2997,2,1,5
2998,0,2,3
2999,5,2,3
3000,5,2,2
3001,3,1,5
3002,2,0,1
3003,2,2,2
3004,1,5,5
3005,1,0,5
3006,0,5,5
3007,3,0,1
3008,2,0,5
3009,3,1,5
3010,2,4,5
3011,4,1,5
3012,1,3,3
3013,2,4,1
3014,1,2,2
3015,5,4,5
3016,3,5,5
3017,1,0,5
3018,2,2,2
3019,0,1,5
3020,0,5,5
3021,4,5,5
3022,1,0,5
3023,4,1,5
3024,3,5,5
3025,2,1,0
3026,4,5,1
3027,1,5,1
3028,1,1,4
3029,0,1,0
3030,2,5,0
3031,2,4,5
3032,3,1,1
3033,2,0,5
3034,3,3,3
3035,2,1,0
3036,1,5,5
3037,1,1,1
3038,5,5,1
3039,1,4,4
3040,3,0,5
3041,0,5,1
3042,1,5,1
3043,4,1,5
3044,1,1,0
3045,5,1,1
3046,0,4,5
3047,5,5,5
3048,2,1,0
3049,2,1,0
3050,1,1,5
3051,2,5,1
3052,2,5,4
3053,2,4,4
3054,0,1,1
3055,1,4,1
3056,3,4,1
3057,2,5,1
3058,3,5,1
3059,0,0,1
3060,1,3,3
3061,2,5,0
3062,4,1,5
3063,0,0,5
3064,2,4,5
3065,3,5,0
3066,1,1,1
3067,3,5,5
3068,0,1,5
3069,3,3,3
3070,5,1,1
3071,5,5,1
3072,3,0,1
3073,0,3,2
3074,2,1,5
3075,1,1,4
3076,3,5,5
3077,1,4,1
3078,1,0,1
3079,3,0,1
3080,3,2,3
3081,4,0,5
3082,5,4,1
3083,1,0,0
3084,3,1,1
3085,5,5,0
3086,3,1,5
3087,1,4,1
3088,2,4,5
3089,3,2,2
3090,2,0,1
3091,5,5,5
3092,0,1,5
3093,3,1,1
3094,4,1,1
3095,1,0,0
3096,1,1,5
3097,2,4,5
3098,0,5,1
3099,1,0,5
3100,2,1,5
3101,5,3,2
3102,5,0,0
3103,1,0,1
3104,2,1,4
3105,4,5,1
3106,0,1,1
3107,3,1,5
3108,4,4,1
3109,4,5,5
3110,5,5,0
3111,5,2,2
3112,0,5,1
3113,3,4,5
3114,2,0,5
3115,0,5,0
3116,2,3,2
3117,4,0,1
3118,0,5,1
3119,5,4,1
3120,1,4,1
3121,3,4,5
3122,2,5,4
3123,3,5,5
3124,3,4,1
3125,0,1,4
3126,0,5,4
3127,5,4,5
3128,5,0,5
3129,2,5,4
3130,5,5,5
3131,4,0,0
3132,2,3,2
3133,3,0,1
3134,0,5,1
3135,3,3,3
3136,2,0,1
3137,5,5,0
3138,2,3,3
3139,4,4,4
3140,4,1,5
3141,4,1,5
3142,0,3,3
3143,1,1,1
3144,3,5,5
3145,4,5,5
3146,0,1,4
3147,2,0,5
3148,2,2,3
3149,5,1,5
3150,5,5,0
3151,1,5,4
3152,5,1,0
3153,3,5,5
3154,5,5,1
3155,5,5,5
3156,2,1,5
3157,0,1,5
3158,1,0,5
3159,0,4,4
3160,0,4,5
3161,5,4,1
3162,4,5,1
3163,1,4,1
3164,5,3,2
3165,2,5,0
3166,1,4,1
3167,5,4,4
3168,3,1,1
3169,0,0,1
3170,0,5,0
3171,4,0,0
3172,3,0,1
3173,3,4,1
3174,4,5,5
3175,2,4,5
3176,5,0,5
3177,3,5,4
3178,2,0,1
3179,2,5,5
3180,3,5,4
3181,3,3,2
3182,0,0,5
3183,5,4,5
3184,4,5,1
3185,3,4,4
3186,0,5,1
3187,4,4,5
3188,5,1,5
3189,5,0,4
3190,2,1,0
3191,3,0,5
3192,1,0,5
3193,2,2,2
3194,1,0,1
3195,5,5,0
3196,5,0,5
3197,4,4,5
3198,5,5,1
3199,4,3,3
3200,1,0,5
3201,2,0,4
3202,2,0,1
3203,1,1,5
3204,1,5,5
3205,0,5,4
3206,3,4,1
3207,4,5,5
3208,2,4,1
3209,1,5,1
3210,2,4,5
3211,3,2,2
3212,0,5,1
3213,2,3,3
3214,5,4,5
3215,4,4,1
3216,2,3,2
3217,0,0,1
3218,4,5,1
3219,3,3,3
3220,3,0,5
3221,5,4,0
3222,5,0,1
3223,2,5,5
3224,0,2,3
3225,1,4,5
3226,4,4,0
3227,3,0,1
3228,5,5,1
3229,2,1,5
3230,4,4,5
3231,0,2,2
3232,3,1,0
3233,0,5,5
3234,5,1,1
3235,2,2,3
3236,4,1,4
3237,5,4,5
3238,4,5,1
3239,5,5,5
3240,1,4,0
3241,2,1,5
3242,4,4,4
3243,0,1,1
3244,3,1,5
3245,4,0,1
3246,2,1,5
3247,2,0,0
3248,3,4,5
3249,5,4,1
3250,4,4,5
3251,1,1,5
3252,0,1,4
3253,0,4,5
3254,1,5,5
3255,0,3,3
3256,5,0,0
3257,0,0,1
3258,0,0,1
3259,1,0,5
3260,3,5,4
3261,1,4,1
3262,1,4,1
3263,5,0,1
3264,2,0,5
3265,4,4,4
3266,2,3,2
3267,2,4,1
3268,3,1,5
3269,5,4,5
3270,3,5,0
3271,2,0,5
3272,2,4,1
3273,0,0,1
3274,0,1,5
3275,0,0,5
3276,4,1,5
3277,1,4,5
3278,2,5,5
3279,1,0,5
3280,4,4,5
3281,2,4,1
3282,1,2,2
3283,3,0,1
3284,0,0,1
3285,1,2,3
3286,4,4,1
3287,1,4,1
3288,5,1,1
3289,0,4,1
3290,1,1,5
3291,0,5,5
3292,4,0,5
3293,3,0,1
3294,3,4,1
3295,2,5,4
3296,3,5,5
3297,1,5,1
3298,0,0,1
3299,3,0,1
3300,5,4,5
3301,2,5,5
3302,2,4,1
3303,2,4,1
3304,0,4,1
3305,2,5,5
3306,4,5,1
3307,4,5,1
3308,1,4,1
3309,2,1,1
3310,4,4,0
3311,5,5,5
3312,2,4,1
3313,1,1,5
3314,4,0,0
3315,2,5,5
3316,5,5,1
3317,5,5,4
3318,1,1,5
3319,0,0,5
3320,5,0,1
3321,5,2,2
3322,2,1,4
3323,2,4,5
3324,2,1,1
3325,1,0,1
3326,5,0,0
3327,4,5,1
3328,1,4,1
3329,3,0,1
3330,3,5,1
3331,2,1,5
3332,2,4,5
3333,1,5,1
3334,4,5,1
3335,0,0,1
3336,0,3,3
3337,3,4,0
3338,5,0,1
3339,1,0,5
3340,5,5,5
3341,3,1,5
3342,1,0,5
3343,1,2,3
3344,0,4,1
3345,4,2,2
3346,5,5,5
3347,4,2,2
3348,3,0,1
3349,5,0,1
3350,0,4,4
3351,1,1,5
3352,0,2,2
3353,1,0,5
3354,3,1,5
3355,2,4,5
3356,3,0,0
3357,2,5,0
3358,3,0,5
3359,2,0,1
3360,4,4,5
3361,3,0,1
3362,0,0,5
3363,5,1,1
3364,3,1,0
3365,5,4,5
3366,2,4,5
3367,1,0,1
3368,1,1,5
3369,0,4,1
3370,0,3,2
3371,1,5,1
3372,2,1,0
3373,4,0,4
3374,5,5,5
3375,4,4,1
3376,0,2,2
3377,3,0,1
3378,5,4,5
3379,3,4,0
3380,1,5,5
3381,1,0,5
3382,1,5,1
3383,1,3,2
3384,3,1,0
3385,0,1,0
3386,1,4,0
3387,3,5,1
3388,3,5,0
3389,1,1,5
3390,0,4,5
3391,3,1,1
3392,2,0,4
3393,5,5,5
3394,0,5,5
3395,0,0,1
3396,2,4,1
3397,0,4,5
3398,1,4,0
3399,2,3,3
3400,5,4,0
3401,2,5,1
3402,0,5,5
3403,1,1,1
3404,4,0,1
3405,4,5,1
3406,5,3,2
3407,5,4,1
3408,3,1,5
3409,4,5,5
3410,4,1,5
3411,2,5,5
3412,5,0,1
3413,3,5,5
3414,1,4,0
3415,0,4,1
3416,3,4,4
3417,0,2,2
3418,1,5,1
3419,5,4,1
3420,0,5,5
3421,2,4,5
3422,0,5,0
3423,5,1,5
3424,5,1,4
3425,1,4,1
3426,5,5,1
3427,2,5,0
3428,1,0,5
3429,2,5,4
3430,2,4,4
3431,5,3,2
3432,1,4,5
3433,2,0,4
3434,0,0,5
3435,5,0,5
3436,4,3,2
3437,3,4,4
3438,0,0,0
3439,4,4,4
3440,1,3,2
3441,5,1,4
3442,5,0,0
3443,2,1,5
3444,5,3,3
3445,2,0,1
3446,5,5,5
3447,2,2,3
3448,0,0,1
3449,5,1,1
3450,0,4,5
3451,1,0,1
3452,0,5,4
3453,0,3,2
3454,2,1,1
3455,2,5,5
3456,0,3,3
3457,0,0,5
3458,3,0,5
3459,1,5,0
3460,0,5,1
3461,4,4,5
3462,4,4,1
3463,5,3,3
3464,2,5,5
3465,1,1,5
3466,0,4,5
3467,4,4,5
3468,2,4,4
3469,3,1,1
3470,1,5,1
3471,4,0,1
3472,0,0,5
3473,4,4,1
3474,1,2,3
3475,2,0,5
3476,4,0,4
3477,2,5,5
3478,4,3,3
3479,3,5,5
3480,0,1,1
3481,1,4,0
3482,2,1,5
3483,1,5,5
3484,4,1,4
3485,0,4,5
3486,3,4,1
3487,4,2,2
3488,2,2,2
3489,2,0,4
3490,4,4,5
3491,5,5,5
3492,1,4,1
3493,5,3,2
3494,2,0,1
3495,3,4,1
3496,1,1,1
3497,4,4,1
3498,1,1,1
3499,0,4,1
3500,5,4,5
3501,2,4,1
3502,3,0,4
3503,0,1,5
3504,1,5,1
3505,0,5,0
3506,3,1,1
3507,4,1,1
3508,2,4,1
3509,5,1,1
3510,0,0,5
3511,3,5,0
3512,2,0,4
3513,5,4,0
3514,5,4,5
3515,1,4,1
3516,3,5,5
3517,2,3,3
3518,3,0,5
3519,4,0,0
3520,0,0,5
3521,4,0,5
3522,0,5,4
3523,1,5,4
3524,5,1,5
3525,4,2,2
3526,3,4,1
3527,1,5,5
3528,4,5,4
3529,2,3,2
3530,0,5,5
3531,1,0,1
3532,2,5,1
3533,2,1,1
3534,5,1,4
3535,2,0,1
3536,0,1,1
3537,1,2,2
3538,1,1,1
3539,2,5,5
3540,2,0,1
3541,3,3,3
3542,1,1,5
3543,4,4,1
3544,1,4,5
3545,3,1,5
3546,2,4,5
3547,1,0,4
3548,5,0,1
3549,5,0,5
3550,1,4,5
3551,0,2,2
3552,3,5,5
3553,5,0,5
3554,1,4,5
3555,4,0,1
3556,0,5,0
3557,2,4,1
3558,3,0,5
3559,0,5,1
3560,2,4,1
3561,2,1,5
3562,1,0,1
3563,4,0,5
3564,0,4,0
3565,3,4,1
3566,5,4,1
3567,2,4,4
3568,1,4,1
3569,4,1,1
3570,4,0,5
3571,1,2,2
3572,2,1,5
3573,0,1,5
3574,2,4,1
3575,5,4,5
3576,2,0,1
3577,0,1,5
3578,2,1,1
3579,3,0,1
3580,2,4,5
3581,3,0,1
3582,2,1,1
3583,0,5,4
3584,0,0,5
3585,5,1,1
3586,1,0,0
3587,3,1,1
3588,0,0,1
3589,1,5,1
3590,5,0,1
3591,5,5,5
3592,4,2,2
3593,1,4,5
3594,4,5,5
3595,1,0,5
3596,2,1,5
3597,4,5,5
3598,1,0,1
3599,3,4,1
3600,4,3,2
3601,0,4,1
3602,2,5,1
3603,3,4,5
3604,1,0,5
3605,1,5,1
3606,2,0,4
3607,0,4,1
3608,5,4,5
3609,3,0,1
3610,3,5,5
3611,0,4,0
3612,4,4,0
3613,0,0,5
3614,1,5,1
3615,5,1,1
3616,3,0,5
3617,5,1,5
3618,5,1,1
3619,2,3,2
3620,2,1,1
3621,3,4,5
3622,5,4,5
3623,0,0,5
3624,3,0,1
3625,1,1,5
3626,1,0,4
3627,0,4,1
3628,5,2,2
3629,4,5,5
3630,4,4,1
3631,2,0,1
3632,2,1,4
3633,0,0,5
3634,1,4,4
3635,1,1,1
3636,5,0,4
3637,4,5,1
3638,5,5,4
3639,3,1,4
3640,2,4,5
3641,0,5,1
3642,1,0,1
3643,2,4,4
3644,5,0,5
3645,2,1,5
3646,2,0,5
3647,3,2,3
3648,2,5,5
3649,1,0,5
3650,2,5,1
3651,3,0,1
3652,4,4,4
3653,5,5,1
3654,2,0,5
3655,2,5,1
3656,3,4,1
3657,5,1,5
3658,2,5,5
3659,1,5,1
3660,0,5,1
3661,4,1,1
3662,1,5,5
3663,3,0,5
3664,4,1,5
3665,3,4,0
3666,5,0,5
3667,0,4,5
3668,0,4,1
3669,1,2,3
3670,5,4,5
3671,5,0,1
3672,4,4,5
3673,4,0,5
3674,2,4,1
3675,2,4,5
3676,2,0,4
3677,1,2,3
3678,1,4,4
3679,1,5,1
3680,3,4,5
3681,5,0,1
3682,5,0,5
3683,1,5,1
3684,1,5,1
3685,4,5,1
3686,4,0,4
3687,1,2,3
3688,0,2,2
3689,4,0,5
3690,0,4,5
3691,4,5,1
3692,3,4,5
3693,0,0,4
3694,4,3,3
3695,0,2,3
3696,4,0,5
3697,1,4,0
3698,4,5,5
3699,5,1,5
3700,1,5,1
3701,1,4,1
3702,5,0,1
3703,4,0,5
3704,4,1,1
3705,4,5,1
3706,0,5,1
3707,3,2,2
3708,3,4,5
3709,1,5,5
3710,4,0,5
3711,0,4,1
3712,4,1,5
3713,5,1,5
3714,5,5,1
3715,4,4,1
3716,2,0,1
3717,5,5,4
3718,2,1,5
3719,1,1,0
3720,2,5,1
3721,1,3,3
3722,3,4,1
3723,1,0,1
3724,2,1,1
3725,2,5,5
3726,5,0,5
3727,1,0,1
3728,3,3,3
3729,4,3,3
3730,3,5,1
3731,3,1,5
3732,1,3,2
3733,2,0,1
3734,3,2,2
3735,0,5,1
3736,5,4,1
3737,4,1,5
3738,5,5,1
3739,1,5,5
3740,4,4,4
3741,3,5,0
3742,2,1,1
3743,2,5,1
3744,2,3,2
3745,3,4,5
3746,1,2,2
3747,3,5,5
3748,2,3,2
3749,4,1,1
3750,5,5,0
3751,3,5,4
3752,2,0,0
3753,3,5,1
3754,5,4,1
3755,1,4,1
3756,3,5,1
3757,5,5,0
3758,2,3,2
3759,3,5,5
3760,2,0,5
3761,0,5,1
3762,4,5,5
3763,5,0,5
3764,2,1,4
3765,2,1,1
3766,3,4,1
3767,5,0,0
3768,5,2,3
3769,4,1,0
3770,2,0,5
3771,0,4,1
3772,3,0,5
3773,5,5,1
3774,1,4,1
3775,4,1,1
3776,1,0,5
3777,0,4,5
3778,3,5,1
3779,0,1,1
3780,1,4,5
3781,5,0,4
3782,1,5,1
3783,1,4,0
3784,5,0,5
3785,3,4,5
3786,3,5,5
3787,2,2,2
3788,5,5,5
3789,3,5,4
3790,0,0,5
3791,5,5,5
3792,1,0,5
3793,2,4,0
3794,2,1,1
3795,2,4,1
3796,2,0,1
3797,4,0,4
3798,2,1,1
3799,3,0,0
3800,3,0,5
3801,0,3,3
3802,0,1,1
3803,4,1,4
3804,0,1,1
3805,0,1,5
3806,3,0,1
3807,3,0,4
3808,1,2,3
3809,4,4,5
3810,1,4,5
3811,1,4,1
3812,4,1,5
3813,1,4,5
3814,0,5,5
3815,0,0,1
3816,4,1,1
3817,5,0,0
3818,5,5,5
3819,2,1,4
3820,0,4,5
3821,5,5,1
3822,5,4,1
3823,2,3,3
3824,5,4,1
3825,2,2,2
3826,3,0,5
3827,2,4,4
3828,4,1,4
3829,2,4,4
3830,4,4,5
3831,4,1,0
3832,1,5,0
3833,2,0,5
3834,2,5,0
3835,3,4,5
3836,4,4,5
3837,4,1,1
3838,3,1,1
3839,2,0,5
3840,4,4,1
3841,0,1,5
3842,5,0,1
3843,1,0,0
3844,4,0,1
3845,5,0,4
3846,4,4,5
3847,2,0,5
3848,5,1,5
3849,3,5,1
3850,2,4,1
3851,4,5,1
3852,2,1,5
3853,4,1,1
3854,4,4,0
3855,1,0,4
3856,4,5,0
3857,0,2,2
3858,0,0,4
3859,3,1,1
3860,2,0,1
3861,5,0,1
3862,2,4,1
3863,0,5,1
3864,0,4,5
3865,3,4,1
3866,2,4,0
3867,2,4,5
3868,0,4,5
3869,5,1,1
3870,4,3,2
3871,1,1,1
3872,0,1,1
3873,3,0,1
3874,3,5,1
3875,3,5,1
3876,4,1,1
3877,3,0,1
3878,4,4,5
3879,0,4,1
3880,0,1,5
3881,1,4,1
3882,3,5,4
3883,0,0,5
3884,4,5,5
3885,2,1,1
3886,4,5,5
3887,2,0,4
3888,2,0,1
3889,0,1,1
3890,4,1,5
3891,1,4,1
3892,1,5,1
3893,1,4,5
3894,5,1,1
3895,2,5,0
3896,5,5,5
3897,4,5,1
3898,1,0,5
3899,3,0,5
3900,0,4,5
3901,3,1,1
3902,4,3,2
3903,0,3,2
3904,2,0,1
3905,5,0,5
3906,1,4,1
3907,1,1,5
3908,0,0,4
3909,0,1,1
3910,4,3,2
3911,1,4,5
3912,0,0,1
3913,4,1,1
3914,0,2,2
3915,1,0,5
3916,5,2,3
3917,0,4,4
3918,4,4,4
3919,0,0,1
3920,3,0,1
3921,5,5,0
3922,4,4,5
3923,2,1,5
3924,1,4,1
3925,1,1,5
3926,5,5,0
3927,0,0,5
3928,0,0,1
3929,5,4,5
3930,5,0,0
3931,3,1,5
3932,3,0,5
3933,5,2,2
3934,5,1,1
3935,5,4,0
3936,1,5,1
3937,0,5,1
3938,3,0,1
3939,0,4,5
3940,5,0,5
3941,3,0,1
3942,3,4,5
3943,2,5,1
3944,4,5,5
3945,5,5,0
3946,4,0,0
3947,0,0,4
3948,2,1,5
3949,0,1,5
3950,2,4,5
3951,2,0,5
3952,1,0,5
3953,2,4,1
3954,4,1,1
3955,2,4,5
3956,2,5,5
3957,4,4,1
3958,5,4,0
3959,4,1,4
3960,1,4,5
3961,3,0,5
3962,0,4,5
3963,3,5,1
3964,5,3,2
3965,1,3,2
3966,1,1,5
3967,1,4,1
3968,4,1,1
3969,1,5,4
3970,4,4,1
3971,1,0,0
3972,3,0,5
3973,2,1,1
3974,0,4,1
3975,2,2,2
3976,1,5,5
3977,1,4,5
3978,5,4,4
3979,0,5,1
3980,3,1,5
3981,5,5,1
3982,3,4,1
3983,4,0,5
3984,2,4,4
3985,5,5,5
3986,1,0,5
3987,4,5,5
3988,4,3,2
3989,2,1,5
3990,4,0,5
3991,5,3,2
3992,5,5,4
3993,5,2,3
3994,2,2,3
3995,2,1,5
3996,5,5,5
3997,1,5,1
3998,3,5,5
3999,4,5,5
4000,5,0,1
4001,1,0,5
4002,0,0,5
4003,5,2,3
4004,3,5,4
4005,4,0,4
4006,0,4,0
4007,0,0,5
4008,2,4,5
4009,1,1,0
4010,2,4,0
4011,3,0,1
4012,2,1,5
4013,2,0,5
4014,1,5,5
4015,4,4,5
4016,2,4,1
4017,5,0,1
4018,4,0,4
4019,3,1,5
4020,1,5,1
4021,4,0,1
4022,0,3,2
4023,2,0,5
4024,4,5,1
4025,0,1,1
4026,4,5,1
4027,1,5,5
4028,2,0,5
4029,5,4,5
4030,5,5,1
4031,4,2,3
4032,5,1,5
4033,4,1,5
4034,0,4,1
4035,3,2,2
4036,5,4,5
4037,5,1,4
4038,5,1,5
4039,2,2,2
4040,3,1,5
4041,5,1,5
4042,4,2,2
4043,4,5,5
4044,3,5,5
4045,2,0,1
4046,3,1,1
4047,3,1,5
4048,1,0,4
4049,4,0,1
4050,2,1,4
4051,0,4,1
4052,1,5,5
4053,3,5,5
4054,3,4,5
4055,3,3,3
4056,4,4,1
4057,1,0,5
4058,5,2,2
4059,0,0,1
4060,4,5,5
4061,1,5,5
4062,3,5,1
4063,3,1,1
4064,0,1,1
4065,4,0,5
4066,1,4,1
4067,0,0,1
4068,1,0,1
4069,4,1,1
4070,2,5,5
4071,1,4,5
4072,3,4,4
4073,4,1,1
4074,2,4,1
4075,2,1,4
4076,3,4,5
4077,1,4,1
4078,0,1,1
4079,4,5,4
4080,5,3,2
4081,4,1,0
4082,4,4,1
4083,0,0,5
4084,4,4,1
4085,5,3,3
4086,1,0,1
4087,1,5,5
4088,0,5,5
4089,4,1,4
4090,3,0,5
4091,1,4,1
4092,2,4,1
4093,4,0,1
4094,1,0,5
4095,4,0,1
4096,0,0,1
4097,3,4,1
4098,1,1,5
4099,0,0,4
4100,4,4,5
4101,5,4,1
4102,2,5,4
4103,0,4,5
4104,5,0,1
4105,5,1,5
4106,3,5,0
4107,3,4,1
4108,2,2,2
4109,4,1,4
4110,5,4,1
4111,0,5,5
4112,5,0,1
4113,4,5,1
4114,3,1,0
4115,3,5,5
4116,4,4,1
4117,1,0,5
4118,5,1,4
4119,4,1,1
4120,4,1,5
4121,1,3,3
4122,5,4,1
4123,5,5,4
4124,1,0,5
4125,0,4,1
4126,5,3,2
4127,1,5,5
4128,0,4,1
4129,4,5,1
4130,0,4,5
4131,2,5,1
4132,2,0,0
4133,1,1,4
4134,0,0,4
4135,0,2,3
4136,0,2,2
4137,0,4,5
4138,0,4,1
4139,5,0,5
4140,3,1,5
4141,4,1,5
4142,4,5,4
4143,1,4,1
4144,2,5,1
4145,0,5,1
4146,5,5,1
4147,5,4,5
4148,0,0,4
4149,1,1,1
4150,4,0,1
4151,2,4,1
4152,2,3,3
4153,2,0,0
4154,2,3,2
4155,2,2,2
4156,0,5,4
4157,3,1,5
4158,4,3,3
4159,2,0,1
4160,5,5,1
4161,0,5,5
4162,2,1,5
4163,3,5,4
4164,2,4,1
4165,5,4,1
4166,4,5,1
4167,2,1,4
4168,2,0,5
4169,5,0,4
4170,0,5,5
4171,5,5,1
4172,2,4,0
4173,5,5,1
4174,3,0,4
4175,2,0,5
4176,4,4,1
4177,1,0,1
4178,2,1,5
4179,1,5,0
4180,2,4,5
4181,3,1,5
4182,5,0,5
4183,5,3,2
4184,3,3,2
4185,2,0,1
4186,0,4,1
4187,5,1,5
4188,0,1,5
4189,5,4,5
4190,5,0,1
4191,4,0,5
4192,4,1,0
4193,2,5,1
4194,5,5,1
4195,0,0,1
4196,5,1,5
4197,4,5,0
4198,1,0,4
4199,2,5,5
4200,1,5,1
4201,4,1,4
4202,0,2,3
4203,1,4,1
4204,5,1,1
4205,1,4,1
4206,3,0,5
4207,4,4,5
4208,3,4,1
4209,3,5,4
4210,3,4,4
4211,5,4,0
4212,2,0,5
4213,5,1,0
4214,4,4,5
4215,0,1,5
4216,1,0,5
4217,3,1,1
4218,4,0,5
4219,1,5,5
4220,5,2,3
4221,2,4,5
4222,1,0,5
4223,0,5,4
4224,0,0,5
4225,4,0,1
4226,2,1,5
4227,1,4,4
4228,4,5,5
4229,0,4,1
4230,1,4,5
4231,2,4,0
4232,3,5,1
4233,2,1,5
4234,1,0,1
4235,0,1,1
4236,2,1,4
4237,4,0,5
4238,2,4,0
4239,5,5,4
4240,2,4,4
4241,2,1,5
4242,5,0,5
4243,0,0,1
4244,5,0,5
4245,2,1,1
4246,1,0,5
4247,4,4,5
4248,4,4,1
4249,2,1,1
4250,4,1,1
4251,3,1,5
4252,5,2,3
4253,2,2,2
4254,5,1,5
4255,2,2,2
4256,3,0,5
4257,3,4,1
4258,0,1,1
4259,0,5,4
4260,2,5,0
4261,4,4,5
4262,2,5,4
4263,4,5,1
4264,4,2,2
4265,2,1,1
4266,4,5,5
4267,0,1,5
4268,1,4,5
4269,2,4,1
4270,3,5,5
4271,2,1,5
4272,3,0,5
4273,0,0,4
4274,5,0,1
4275,3,5,4
4276,1,1,0
4277,3,5,5
4278,5,0,4
4279,3,0,5
4280,5,0,5
4281,5,4,5
4282,4,1,5
4283,5,1,5
4284,2,4,0
4285,3,5,5
4286,0,2,2
4287,4,4,1
4288,2,1,4
4289,2,1,5
4290,5,4,5
4291,2,1,5
4292,5,0,1
4293,2,5,1
4294,2,0,1
4295,0,4,0
4296,2,2,3
4297,2,4,1
4298,0,5,5
4299,2,1,1
4300,0,5,5
4301,2,1,1
4302,1,0,1
4303,3,5,5
4304,3,0,1
4305,3,2,3
4306,2,5,5
4307,3,2,2
4308,5,1,5
4309,2,2,2
4310,4,1,4
4311,5,5,1
4312,1,2,3
4313,1,4,5
4314,3,4,1
4315,1,1,1
4316,5,5,1
4317,4,1,5
4318,5,5,0
4319,1,0,0
4320,5,1,0
4321,2,2,2
4322,5,3,3
4323,2,5,0
4324,3,5,1
4325,5,0,1
4326,0,4,5
4327,3,0,0
4328,2,0,5
4329,5,4,0
4330,1,5,5
4331,4,2,2
4332,4,1,1
4333,3,1,0
4334,2,1,5
4335,4,3,2
4336,2,1,1
4337,2,5,0
4338,5,4,5
4339,2,0,4
4340,2,4,5
4341,2,1,5
4342,2,1,5
4343,0,5,1
4344,1,3,2
4345,0,0,5
4346,2,4,4
4347,1,5,5
4348,0,4,5
4349,0,1,5
4350,1,1,5
4351,5,1,5
4352,1,4,1
4353,4,1,4
4354,3,5,5
4355,5,4,5
4356,1,4,1
4357,4,0,5
4358,2,0,0
4359,0,1,5
4360,3,1,5
4361,1,0,0
4362,4,1,1
4363,3,4,5
4364,3,5,5
4365,3,0,1
4366,5,0,5
4367,2,1,5
4368,2,5,5
4369,5,0,5
4370,3,0,5
4371,1,4,5
4372,5,4,1
4373,1,1,0
4374,1,0,1
4375,2,5,5
4376,4,3,3
4377,5,4,5
4378,1,4,5
4379,2,4,1
4380,5,4,5
4381,1,0,1
4382,4,4,0
4383,0,4,4
4384,4,5,4
4385,4,5,0
4386,4,0,5
4387,1,4,1
4388,0,0,5
4389,5,1,1
4390,3,0,4
4391,0,0,5
4392,2,2,2
4393,4,3,2
4394,3,4,4
4395,2,0,5
4396,2,4,1
4397,3,0,5
4398,0,1,1
4399,5,1,1
4400,5,0,1
4401,3,5,1
4402,5,0,5
4403,4,5,1
4404,5,4,5
4405,5,5,5
4406,0,1,4
4407,5,1,5
4408,0,4,5
4409,2,0,5
4410,3,0,1
4411,0,0,4
4412,0,5,1
4413,1,4,1
4414,2,5,1
4415,4,1,5
4416,4,5,1
4417,5,4,1
4418,0,0,1
4419,4,1,5
4420,2,0,4
4421,4,5,1
4422,2,3,2
4423,4,4,5
4424,2,5,5
4425,0,4,5
4426,0,4,5
4427,2,1,5
4428,2,4,5
4429,0,0,1
4430,1,0,5
4431,4,1,1
4432,5,5,5
4433,3,5,1
4434,2,5,5
4435,4,1,5
4436,2,3,2
4437,0,0,5
4438,5,1,5
4439,4,3,3
4440,4,0,5
4441,1,1,5
4442,2,0,1
4443,0,0,1
4444,4,0,5
4445,5,3,3
4446,2,4,1
4447,3,5,5
4448,1,5,5
4449,3,4,4
4450,0,4,5
4451,4,5,4
4452,0,4,5
4453,0,1,4
4454,4,0,1
4455,4,1,1
4456,2,1,4
4457,5,5,4
4458,2,1,5
4459,3,0,0
4460,1,0,1
4461,2,0,5
4462,2,5,0
4463,3,1,1
4464,5,0,5
4465,3,4,5
4466,3,4,1
4467,1,5,1
4468,4,1,4
4469,2,4,5
4470,5,5,0
4471,3,5,5
4472,1,0,1
4473,3,4,1
4474,0,1,0
4475,4,0,5
4476,3,1,4
4477,4,4,0
4478,2,4,1
4479,4,1,5
4480,5,1,4
4481,2,1,4
4482,2,0,1
4483,3,1,4
4484,2,5,4
4485,2,2,2
4486,5,2,2
4487,0,0,1
4488,2,5,5
4489,5,3,2
4490,4,1,5
4491,0,1,1
4492,1,3,2
4493,5,1,4
4494,4,5,5
4495,0,1,1
4496,1,4,4
4497,3,4,5
4498,0,5,5
4499,4,5,1
4500,2,1,4
4501,4,0,5
4502,3,3,3
4503,1,4,0
4504,0,1,5
4505,2,3,3
4506,3,0,5
4507,1,4,1
4508,5,1,1
4509,2,0,5
4510,0,0,5
4511,1,4,0
4512,5,5,5
4513,4,5,1
4514,1,2,3
4515,2,4,4
4516,1,1,5
4517,5,0,4
4518,2,4,5
4519,0,3,3
4520,5,5,1
4521,1,4,1
4522,1,4,0
4523,4,1,5
4524,0,4,5
4525,4,5,1
4526,1,2,2
4527,0,0,5
4528,0,5,0
4529,3,3,2
4530,1,4,5
4531,0,5,4
4532,5,4,0
4533,5,0,5
4534,3,4,1
4535,1,1,1
4536,2,5,5
4537,5,1,4
4538,4,0,0
4539,4,1,1
4540,1,3,3
4541,2,5,5
4542,5,4,5
4543,5,1,0
4544,5,2,2
4545,3,1,1
4546,2,5,1
4547,5,1,4
4548,0,2,2
4549,5,4,4
4550,4,2,3
4551,3,1,0
4552,5,4,5
4553,1,2,3
4554,3,1,4
4555,5,4,5
4556,1,1,1
4557,5,1,1
4558,0,1,1
4559,5,1,1
4560,1,1,4
4561,2,1,0
4562,0,0,5
4563,2,5,1
4564,1,4,5
4565,4,1,1
4566,1,0,5
4567,1,5,1
4568,4,5,5
4569,4,3,2
4570,5,0,1
4571,5,4,5
4572,0,1,1
4573,4,4,5
4574,3,4,5
4575,4,1,1
4576,5,1,4
4577,2,4,5
4578,4,0,1
4579,1,1,1
4580,2,0,1
4581,2,0,4
4582,0,0,1
4583,3,0,5
4584,3,5,5
4585,2,0,4
4586,1,1,1
4587,3,0,5
4588,2,0,1
4589,5,0,5
4590,4,0,1
4591,0,5,5
4592,2,4,4
4593,4,4,0
4594,2,1,5
4595,4,1,5
4596,0,4,5
4597,4,5,4
4598,3,5,0
4599,4,3,2
4600,0,4,1
4601,2,1,1
4602,5,5,5
4603,2,1,4
4604,1,4,4
4605,2,5,4
4606,3,0,1
4607,5,4,0
4608,1,0,5
4609,1,3,3
4610,2,4,1
4611,2,4,4
4612,5,5,4
4613,3,4,1
4614,5,5,5
4615,2,4,5
4616,4,4,4
4617,0,2,2
4618,3,0,5
4619,4,4,5
4620,5,0,1
4621,4,5,5
4622,3,5,0
4623,5,1,1
4624,5,4,1
4625,2,4,5
4626,3,2,2
4627,4,0,1
4628,4,4,4
4629,3,1,1
4630,2,4,4
4631,4,1,0
4632,2,5,1
4633,0,4,5
4634,4,1,5
4635,5,5,5
4636,4,1,1
4637,5,0,5
4638,5,4,4
4639,2,5,1
4640,5,5,5
4641,0,0,1
4642,4,0,1
4643,1,4,1
4644,0,0,1
4645,2,2,3
4646,1,5,5
4647,3,4,1
4648,0,2,2
4649,1,4,0
4650,0,0,0
4651,0,5,4
4652,0,5,5
4653,5,0,5
4654,5,4,0
4655,4,5,1
4656,4,1,0
4657,1,5,1
4658,0,1,1
4659,0,5,5
4660,5,1,4
4661,3,1,0
4662,0,0,5
4663,5,4,0
4664,4,2,3
4665,5,0,4
4666,0,1,0
4667,1,3,3
4668,3,5,5
4669,5,4,4
4670,3,1,5
4671,3,5,5
4672,4,5,1
4673,4,3,3
4674,1,2,3
4675,1,1,1
4676,5,3,2
4677,5,1,4
4678,1,0,0
4679,5,5,5
4680,2,0,1
4681,2,5,5
4682,3,0,5
4683,1,1,4
4684,4,4,1
4685,1,0,1
4686,2,2,2
4687,4,5,5
4688,2,5,5
4689,3,1,4
4690,0,4,1
4691,2,4,5
4692,2,0,5
4693,4,4,1
4694,4,1,5
4695,1,5,5
4696,2,5,1
4697,4,3,2
4698,5,0,5
4699,3,2,2
4700,4,4,1
4701,3,0,1
4702,3,5,4
4703,1,4,5
4704,5,5,1
4705,0,5,4
4706,1,5,4
4707,5,1,1
4708,3,1,5
4709,2,1,0
4710,0,5,5
4711,3,4,1
4712,1,5,5
4713,4,0,1
4714,4,0,1
4715,5,4,1
4716,4,1,5
4717,0,4,4
4718,4,5,5
4719,3,0,5
4720,3,1,1
4721,3,0,0
4722,3,1,5
4723,4,4,5
4724,5,1,0
4725,5,4,5
4726,0,5,5
4727,1,4,0
4728,5,5,0
4729,3,0,1
4730,4,0,1
4731,2,4,5
4732,0,1,1
4733,3,0,5
4734,2,4,5
4735,1,5,0
4736,5,4,5
4737,0,4,5
4738,3,1,5
4739,4,1,5
4740,2,4,0
4741,3,4,0
4742,1,4,1
4743,1,5,5
4744,4,4,5
4745,1,3,3
4746,0,5,5
4747,2,4,1
4748,4,5,5
4749,5,1,0
4750,2,5,5
4751,5,5,5
4752,4,4,0
4753,2,5,5
4754,1,5,5
4755,4,5,5
4756,4,2,2
4757,4,4,5
4758,0,0,5
4759,5,0,4
4760,4,1,1
4761,0,5,0
4762,2,4,4
4763,0,5,5
4764,4,4,0
4765,4,4,4
4766,5,1,1
4767,4,5,1
4768,3,5,4
4769,1,1,5
4770,2,1,4
4771,1,2,3
4772,5,1,0
4773,5,4,1
4774,1,3,3
4775,4,0,5
4776,4,0,1
4777,0,0,5
4778,2,4,5
4779,5,1,5
4780,0,5,1
4781,3,4,1
4782,5,5,1
4783,3,4,5
4784,3,5,5
4785,4,3,3
4786,5,0,1
4787,1,5,4
4788,2,4,4
4789,2,2,2
4790,2,5,4
4791,2,5,5
4792,1,1,4
4793,1,2,2
4794,0,1,5
4795,1,1,5
4796,5,2,2
4797,3,0,5
4798,4,5,1
4799,4,1,5
4800,1,5,5
4801,5,1,5
4802,4,5,5
4803,3,4,1
4804,5,4,5
4805,0,5,4
4806,1,1,4
4807,4,5,5
4808,4,4,1
4809,2,1,1
4810,5,5,0
4811,5,0,1
4812,5,5,4
4813,5,5,5
4814,2,0,1
4815,3,4,1
4816,3,5,1
4817,1,4,1
4818,3,5,5
4819,0,1,1
4820,0,4,5
4821,3,0,1
4822,0,1,5
4823,5,1,1
4824,2,5,4
4825,3,0,1
4826,2,1,5
4827,2,4,5
4828,2,5,1
4829,5,5,1
4830,1,5,5
4831,2,5,0
4832,4,2,3
4833,2,1,0
4834,4,1,5
4835,3,1,4
4836,5,0,1
4837,1,0,5
4838,5,4,0
4839,5,0,5
4840,2,1,4
4841,5,5,0
4842,3,1,1
4843,4,5,1
4844,0,4,1
4845,3,0,1
4846,4,4,5
4847,4,4,1
4848,2,4,5
4849,1,5,5
4850,5,5,1
4851,3,0,4
4852,2,0,0
4853,5,3,2
4854,2,2,3
4855,4,5,5
4856,4,1,1
4857,2,2,2
4858,4,4,5
4859,3,0,5
4860,0,3,3
4861,5,0,5
4862,2,0,5
4863,5,3,2
4864,5,2,3
4865,5,0,5
4866,2,4,1
4867,2,0,1
4868,1,2,2
4869,3,4,1
4870,4,4,5
4871,3,4,5
4872,4,4,0
4873,5,5,5
4874,3,3,2
4875,1,1,4
4876,2,1,5
4877,5,2,3
4878,0,4,5
4879,3,1,5
4880,5,1,0
4881,0,5,1
4882,1,4,1
4883,5,5,1
4884,5,1,0
4885,3,5,5
4886,0,5,1
4887,4,1,4
4888,5,0,1
4889,2,1,1
4890,5,1,0
4891,2,4,1
4892,3,4,1
4893,5,0,1
4894,0,4,5
4895,3,0,0
4896,3,5,1
4897,2,4,5
4898,1,0,1
4899,0,2,2
4900,0,0,5
4901,3,5,1
4902,4,1,5
4903,4,1,4
4904,3,5,5
4905,4,5,5
4906,4,1,1
4907,3,0,5
4908,3,4,4
4909,4,1,5
4910,1,4,5
4911,0,2,2
4912,0,0,5
4913,4,1,5
4914,1,5,1
4915,3,4,1
4916,4,5,0
4917,2,4,1
4918,0,4,4
4919,1,3,2
4920,0,3,3
4921,4,0,1
4922,2,0,5
4923,5,4,5
4924,0,0,0
4925,2,5,0
4926,3,4,5
4927,2,1,4
4928,5,1,0
4929,4,5,1
4930,3,4,1
4931,1,0,4
4932,1,4,5
4933,0,2,3
4934,3,0,5
4935,1,4,5
4936,0,0,5
4937,5,4,1
4938,3,5,1
4939,3,0,5
4940,5,0,5
4941,1,1,1
4942,3,4,5
4943,0,1,5
4944,2,3,2
4945,4,4,5
4946,4,5,1
4947,3,5,0
4948,1,4,1
4949,1,1,1
4950,1,0,5
4951,4,1,1
4952,4,1,0
4953,1,5,5
4954,5,5,5
4955,4,4,5
4956,0,3,3
4957,2,1,5
4958,4,0,5
4959,5,0,5
4960,3,3,2
4961,3,2,2
4962,0,2,2
4963,0,4,1
4964,1,1,1
4965,2,4,1
4966,0,5,5
4967,3,4,5
4968,0,4,1
4969,2,0,5
4970,1,0,5
4971,0,5,5
4972,5,4,5
4973,5,4,5
4974,4,5,0
4975,5,1,5
4976,5,0,5
4977,2,4,1
4978,3,0,1
4979,3,3,2
4980,3,5,1
4981,3,1,0
4982,4,0,5
4983,0,1,1
4984,5,1,5
4985,0,3,3
4986,1,0,5
4987,3,0,5
4988,3,1,5
4989,0,0,0
4990,1,0,1
4991,4,5,5
4992,3,5,1
4993,3,0,5
4994,2,2,2
4995,0,0,5
4996,0,1,5
4997,5,4,5
4998,5,1,5
4999,0,4,4
5000,4,1,5
5001,2,1,1
5002,2,5,5
5003,5,1,5
5004,2,1,0
5005,2,4,4
5006,3,5,5
5007,4,1,1
5008,4,1,5
5009,5,2,2
5010,0,5,5
5011,2,4,1
5012,5,0,5
5013,2,5,5
5014,1,5,1
5015,5,5,0
5016,4,5,5
5017,0,5,5
5018,5,4,5
5019,1,4,5
5020,3,1,4
5021,4,3,3
5022,2,4,4
5023,0,1,5
5024,3,1,5
5025,3,2,3
5026,5,0,0
5027,3,5,1
5028,2,4,5
5029,0,4,1
5030,4,1,5
5031,5,1,1
5032,3,2,3
5033,3,0,5
5034,3,0,1
5035,0,5,1
5036,4,5,5
5037,4,1,1
5038,4,4,1
5039,2,0,1
5040,4,4,5
5041,2,5,5
5042,2,4,5
5043,0,0,5
5044,1,0,1
5045,1,0,1
5046,5,5,0
5047,1,4,1
5048,4,5,1
5049,2,2,2
5050,1,4,5
5051,2,5,1
5052,2,4,1
5053,1,4,4
5054,1,4,5
5055,3,5,5
5056,0,1,4
5057,3,1,5
5058,1,1,5
5059,2,5,5
5060,4,4,1
5061,3,4,5
5062,0,1,1
5063,3,4,5
5064,2,1,1
5065,3,5,1
5066,2,4,1
5067,4,2,2
5068,2,2,2
5069,4,1,5
5070,2,4,5
5071,2,1,5
5072,4,4,1
5073,1,4,1
5074,3,0,5
5075,5,5,1
5076,5,1,4
5077,1,0,5
5078,1,4,1
5079,3,3,3
5080,0,1,5
5081,5,5,0
5082,2,0,1
5083,1,1,1
5084,5,1,4
5085,1,5,0
5086,3,2,3
5087,5,5,4
5088,0,1,1
5089,1,2,3
5090,3,0,1
5091,5,5,5
5092,0,5,1
5093,1,5,1
5094,1,3,2
5095,3,4,5
5096,5,4,5
5097,5,1,1
5098,0,4,5
5099,3,0,1
5100,4,1,1
5101,1,0,5
5102,5,1,0
5103,4,4,4
5104,2,4,5
5105,5,1,5
5106,0,1,1
5107,1,2,3
5108,5,1,1
5109,1,5,0
5110,4,4,5
5111,5,4,5
5112,0,4,1
5113,3,4,5
5114,1,5,1
5115,3,0,5
5116,0,1,1
5117,4,1,1
5118,2,5,1
5119,1,5,5
5120,4,5,0
5121,3,1,1
5122,2,4,5
5123,1,4,5
5124,2,4,5
5125,0,4,5
5126,2,0,4
5127,3,0,1
5128,4,5,1
5129,3,5,1
5130,2,1,1
5131,3,1,0
5132,4,1,0
5133,2,4,5
5134,4,1,5
5135,4,4,1
5136,1,5,1
5137,5,4,0
5138,4,5,1
5139,3,0,1
5140,3,4,5
5141,0,1,5
5142,1,4,0
5143,5,5,5
5144,0,3,3
5145,3,1,1
5146,2,5,5
5147,4,0,5
5148,4,1,5
5149,2,4,4
5150,4,1,5
5151,1,2,3
5152,0,0,5
5153,1,1,0
5154,1,5,5
5155,4,1,5
5156,1,5,0
5157,2,1,1
5158,1,0,5
5159,5,1,1
5160,2,1,5
5161,4,5,5
5162,5,5,1
5163,2,1,5
5164,0,5,5
5165,1,4,1
5166,4,4,0
5167,2,3,2
5168,3,1,5
5169,2,1,5
5170,5,0,5
5171,0,1,5
5172,3,4,0
5173,3,4,1
5174,0,4,4
5175,0,2,3
5176,5,5,1
5177,0,4,1
5178,5,4,5
5179,5,0,4
5180,2,4,0
5181,0,1,1
5182,5,1,5
5183,0,5,4
5184,3,0,5
5185,2,5,5
5186,5,0,1
5187,3,4,5
5188,5,5,5
5189,5,1,5
5190,3,4,5
5191,1,4,5
5192,1,2,2
5193,5,5,1
5194,3,1,1
5195,4,3,3
5196,5,1,0
5197,0,5,5
5198,4,4,4
5199,4,5,1
5200,2,0,1
5201,4,0,5
5202,2,4,1
5203,4,4,4
5204,1,5,1
5205,2,5,5
5206,0,1,5
5207,0,4,4
5208,5,3,3
5209,4,4,1
5210,0,3,2
5211,3,1,5
5212,2,4,0
5213,2,1,5
5214,1,0,5
5215,1,0,1
5216,1,5,1
5217,4,4,5
5218,5,5,1
5219,4,1,0
5220,4,5,5
5221,4,3,2
5222,4,4,5
5223,3,4,5
5224,2,5,5
5225,1,0,1
5226,0,5,1
5227,5,4,5
5228,3,4,5
5229,3,5,5
5230,1,5,5
5231,4,4,0
5232,0,1,1
5233,1,1,0
5234,4,1,4
5235,1,0,1
5236,5,5,1
5237,0,5,1
5238,1,3,3
5239,0,0,0
5240,4,1,5
5241,5,1,5
5242,5,4,1
5243,1,4,1
5244,1,4,5
5245,0,2,3
5246,3,0,0
5247,2,2,2
5248,0,3,2
5249,0,4,5
5250,0,1,5
5251,4,1,0
5252,1,0,1
5253,4,2,2
5254,2,1,1
5255,1,1,5
5256,5,1,1
5257,1,2,3
5258,3,1,4
5259,1,0,5
5260,4,0,5
5261,2,4,4
5262,5,5,5
5263,4,4,5
5264,5,1,4
5265,4,5,1
5266,4,0,4
5267,5,0,5
5268,0,1,5
5269,1,5,4
5270,0,5,1
5271,5,0,5
5272,4,4,5
5273,0,1,5
5274,0,3,3
5275,2,5,4
5276,1,0,1
5277,0,5,1
5278,4,1,1
5279,0,1,5
5280,1,0,1
5281,3,0,1
5282,1,5,0
5283,0,0,0
5284,0,1,1
5285,2,5,5
5286,4,1,1
5287,5,5,5
5288,4,4,0
5289,1,1,0
5290,5,1,0
5291,2,0,5
5292,4,5,1
5293,3,2,2
5294,1,0,1
5295,2,5,5
5296,3,0,0
5297,3,0,0
5298,1,5,5
5299,0,0,1
5300,5,0,0
5301,5,1,1
5302,0,4,1
5303,4,3,2
5304,3,5,5
5305,2,0,0
5306,2,1,5
5307,5,1,5
5308,3,0,4
5309,0,5,1
5310,5,4,1
5311,0,1,5
5312,2,5,5
5313,2,1,5
5314,4,0,5
5315,2,0,5
5316,1,5,1
5317,2,1,5
5318,4,0,4
5319,4,5,5
5320,3,5,4
5321,4,2,2
5322,1,0,4
5323,4,1,5
5324,5,1,5
5325,5,4,5
5326,4,1,4
5327,4,0,5
5328,2,5,1
5329,0,0,1
5330,3,0,1
5331,4,5,5
5332,4,5,1
5333,0,1,1
5334,2,1,4
5335,3,4,4
5336,2,5,4
5337,2,0,0
5338,2,4,5
5339,3,0,5
5340,2,1,5
5341,3,5,5
5342,1,1,5
5343,4,4,5
5344,2,5,5
5345,4,4,4
5346,2,5,1
5347,4,0,0
5348,0,1,1
5349,1,0,1
5350,1,5,5
5351,5,1,1
5352,0,3,2
5353,5,4,5
5354,4,4,1
5355,5,4,0
5356,1,5,0
5357,1,0,5
5358,1,4,5
5359,5,1,1
5360,5,4,5
5361,1,4,1
5362,3,0,5
5363,2,1,5
5364,2,0,5
5365,2,0,5
5366,1,1,5
5367,5,1,1
5368,2,1,5
5369,2,1,5
5370,2,1,5
5371,0,0,5
5372,3,1,5
5373,4,5,1
5374,3,0,5
5375,5,2,3
5376,5,1,5
5377,0,1,1
5378,4,3,3
5379,5,3,3
5380,1,1,1
5381,5,4,5
5382,4,2,2
5383,0,5,4
5384,2,4,1
5385,5,0,0
5386,5,0,0
5387,3,0,1
5388,3,4,1
5389,3,4,1
5390,3,4,1
5391,1,0,5
5392,0,0,5
5393,1,1,0
5394,1,2,3
5395,5,4,1
5396,4,4,0
5397,2,0,1
5398,0,5,4
5399,0,0,1
5400,5,1,5
5401,4,1,1
5402,5,1,1
5403,3,4,5
5404,4,5,5
5405,3,0,5
5406,0,1,4
5407,4,1,0
5408,4,4,5
5409,5,1,5
5410,0,1,5
5411,3,0,5
5412,0,1,5
5413,0,4,5
5414,3,4,0
5415,2,4,5
5416,0,0,1
5417,4,1,5
5418,2,0,1
5419,1,4,5
5420,5,0,5
5421,1,0,5
5422,5,0,5
5423,0,1,5
5424,4,0,1
5425,5,1,5
5426,3,0,5
5427,5,1,0
5428,0,4,1
5429,1,4,1
5430,0,1,1
5431,4,0,5
5432,3,5,1
5433,3,1,1
5434,1,4,1
5435,2,1,1
5436,0,0,4
5437,3,0,5
5438,5,5,5
5439,0,4,1
5440,1,4,5
5441,4,1,5
5442,2,4,1
5443,5,4,1
5444,1,5,5
5445,5,0,5
5446,2,2,3
5447,1,4,5
5448,3,5,1
5449,4,1,5
5450,5,5,1
5451,3,0,1
5452,2,0,5
5453,3,5,5
5454,3,0,5
5455,0,0,5
5456,2,4,5
5457,0,1,4
5458,0,4,1
5459,4,0,1
5460,5,4,1
5461,0,5,1
5462,4,5,1
5463,4,4,5
5464,4,1,1
5465,5,3,3
5466,0,0,4
5467,4,0,4
5468,2,2,2
5469,0,5,5
5470,4,0,1
5471,3,3,3
5472,3,0,1
5473,2,1,4
5474,0,4,4
5475,1,5,1
5476,0,1,5
5477,2,1,4
5478,4,4,4
5479,5,5,5
5480,3,4,5
5481,5,0,5
5482,5,5,5
5483,3,5,0
5484,2,5,1
5485,3,5,0
5486,5,1,5
5487,4,5,5
5488,5,2,3
5489,1,5,4
5490,5,1,5
5491,0,1,5
5492,0,0,1
5493,5,4,5
5494,2,2,2
5495,4,5,0
5496,3,3,2
5497,1,2,2
5498,3,0,0
5499,4,0,5
5500,5,0,5
5501,3,5,0
5502,2,3,2
5503,2,1,5
5504,5,0,1
5505,3,1,0
5506,1,5,1
5507,0,5,1
5508,0,1,4
5509,0,5,5
5510,0,5,5
5511,4,5,0
5512,4,1,5
5513,3,3,2
5514,4,5,5
5515,2,4,5
5516,3,5,5
5517,5,0,5
5518,4,1,1
5519,0,0,5
5520,4,0,1
5521,5,0,0
5522,4,4,1
5523,4,3,3
5524,1,5,5
5525,3,5,0
5526,0,1,5
5527,4,4,1
5528,1,5,1
5529,5,2,2
5530,3,4,0
5531,1,4,0
5532,4,5,5
5533,0,5,5
5534,4,5,4
5535,5,0,1
5536,0,1,5
5537,3,4,1
5538,5,2,3
5539,3,0,5
5540,1,5,1
5541,2,1,0
5542,2,1,5
5543,2,0,1
5544,3,1,5
5545,4,4,5
5546,0,2,3
5547,5,2,2
5548,5,5,4
5549,0,5,1
5550,1,0,1
5551,0,5,5
5552,2,4,4
5553,0,5,1
5554,5,5,5
5555,3,1,1
5556,2,4,0
5557,5,5,5
5558,0,5,1
5559,3,0,1
5560,5,4,5
5561,0,4,1
5562,3,0,5
5563,0,4,4
5564,4,1,5
5565,4,4,5
5566,5,1,1
5567,0,1,1
5568,4,1,4
5569,5,5,1
5570,1,5,5
5571,5,0,5
5572,2,4,4
5573,2,2,3
5574,5,0,5
5575,5,4,5
5576,1,5,1
5577,2,0,0
5578,3,3,3
5579,0,4,4
5580,4,4,1
5581,0,1,1
5582,3,4,5
5583,1,5,5
5584,4,1,0
5585,5,1,5
5586,0,4,1
5587,5,0,1
5588,2,1,1
5589,2,1,5
5590,0,4,5
5591,3,1,1
5592,2,3,2
5593,4,1,1
5594,3,0,1
5595,5,2,2
5596,4,0,4
5597,1,4,5
5598,0,5,1
5599,4,1,0
5600,5,2,3
5601,0,1,0
5602,2,4,4
5603,3,0,5
5604,1,4,5
5605,4,0,1
5606,0,0,1
5607,4,1,1
5608,5,2,2
5609,1,5,5
5610,5,0,5
5611,4,5,0
5612,3,5,4
5613,2,5,1
5614,1,5,5
5615,4,4,5
5616,5,5,5
5617,3,1,4
5618,1,1,1
5619,1,1,0
5620,5,5,5
5621,5,1,5
5622,1,0,1
5623,5,5,1
5624,2,5,0
5625,1,4,1
5626,0,3,3
5627,4,0,4
5628,2,4,0
5629,4,5,4
5630,2,5,1
5631,4,4,1
5632,2,3,3
5633,3,1,5
5634,4,5,5
5635,3,5,5
5636,2,5,5
5637,0,0,4
5638,1,5,1
5639,2,0,1
5640,0,0,5
5641,1,0,5
5642,0,4,4
5643,5,0,5
5644,4,0,1
5645,3,0,5
5646,2,4,5
5647,2,4,5
5648,0,1,1
5649,2,5,5
5650,3,1,5
5651,2,4,5
5652,0,0,5
5653,0,5,5
5654,5,1,5
5655,3,4,1
5656,0,5,5
5657,3,1,5
5658,1,1,4
5659,5,0,4
5660,1,1,4
5661,2,1,5
5662,2,0,4
5663,4,1,5
5664,3,5,1
5665,4,4,1
5666,5,3,2
5667,4,3,2
5668,3,0,5
5669,3,5,4
5670,3,0,5
5671,2,5,1
5672,4,1,5
5673,2,4,5
5674,3,1,1
5675,0,0,5
5676,4,5,5
5677,3,3,3
5678,2,1,5
5679,3,5,4
5680,2,5,5
5681,0,5,1
5682,4,1,1
5683,1,4,5
5684,0,4,1
5685,4,3,2
5686,3,1,1
5687,5,4,0
5688,2,5,1
5689,1,3,2
5690,2,5,5
5691,1,1,1
5692,2,0,5
5693,4,4,1
5694,1,1,0
5695,5,0,5
5696,0,4,1
5697,0,5,5
5698,5,4,5
5699,2,1,1
5700,1,0,4
5701,5,0,5
5702,0,1,5
5703,4,5,5
5704,2,5,0
5705,2,5,1
5706,2,1,1
5707,3,4,1
5708,0,1,4
5709,5,1,1
5710,5,5,0
5711,0,4,4
5712,0,1,5
5713,5,0,1
5714,0,3,3
5715,1,4,1
5716,5,0,5
5717,0,4,5
5718,5,4,5
5719,3,3,2
5720,2,1,1
5721,1,5,1
5722,2,5,5
5723,1,0,1
5724,1,2,2
5725,1,4,5
5726,4,5,4
5727,4,2,2
5728,5,5,4
5729,0,5,4
5730,3,0,4
5731,5,1,5
5732,0,4,1
5733,1,4,5
5734,5,1,1
5735,0,5,4
5736,2,5,1
5737,4,4,5
5738,2,5,5
5739,3,0,1
5740,4,5,5
5741,3,2,2
5742,3,4,0
5743,2,5,1
5744,4,4,5
5745,4,4,1
5746,5,2,2
5747,0,5,1
5748,0,0,5
5749,3,0,5
5750,0,5,4
5751,0,2,2
5752,3,1,5
5753,1,3,3
5754,3,4,1
5755,2,1,5
5756,4,5,5
5757,4,0,5
5758,2,0,1
5759,5,1,5
5760,3,0,5
5761,3,2,2
5762,2,5,4
5763,5,5,5
5764,0,5,1
5765,3,5,5
5766,0,3,2
5767,2,0,1
5768,4,5,5
5769,1,4,5
5770,1,1,1
5771,2,4,1
5772,3,0,5
5773,3,5,0
5774,0,1,1
5775,3,5,1
5776,1,4,5
5777,4,4,1
5778,0,0,1
5779,3,0,5
5780,5,4,5
5781,0,0,5
5782,4,4,5
5783,0,5,5
5784,3,1,4
5785,1,3,3
5786,0,5,5
5787,1,4,1
5788,2,0,4
5789,1,4,1
5790,0,5,1
5791,0,1,4
5792,1,1,1
5793,5,4,0
5794,3,1,0
5795,1,5,5
5796,1,4,5
5797,1,1,4
5798,5,0,5
5799,1,0,1
5800,1,0,0
5801,1,1,4
5802,0,1,4
5803,2,5,4
5804,3,4,1
5805,0,5,5
5806,2,5,5
5807,2,5,5
5808,0,0,1
5809,4,3,3
5810,2,1,1
5811,5,1,5
5812,5,0,0
5813,4,5,1
5814,0,4,5
5815,4,5,5
5816,4,1,1
5817,5,1,5
5818,3,4,1
5819,0,1,1
5820,2,5,5
5821,5,3,2
5822,0,5,1
5823,1,1,5
5824,4,1,1
5825,1,0,5
5826,4,1,1
5827,0,1,1
5828,4,0,0
5829,2,5,0
5830,2,4,5
5831,3,1,5
5832,3,5,4
5833,2,1,1
5834,5,0,5
5835,2,3,2
5836,3,3,3
5837,2,1,1
5838,5,0,1
5839,1,1,5
5840,4,1,1
5841,4,4,5
5842,2,5,1
5843,2,0,4
5844,1,5,1
5845,0,5,1
5846,2,5,5
5847,4,0,1
5848,2,5,4
5849,5,4,5
5850,3,5,4
5851,0,5,1
5852,1,0,5
5853,3,0,5
5854,4,1,5
5855,2,5,5
5856,0,5,1
5857,0,4,1
5858,4,4,0
5859,1,5,1
5860,2,4,1
5861,1,3,2
5862,5,2,2
5863,3,1,5
5864,1,1,1
5865,1,3,3
5866,3,1,1
5867,5,1,1
5868,3,3,2
5869,2,0,5
5870,2,0,5
5871,1,4,1
5872,3,0,4
5873,5,5,5
5874,1,1,1
5875,0,5,1
5876,4,2,2
5877,5,5,1
5878,4,1,1
5879,1,0,1
5880,0,1,0
5881,4,0,0
5882,1,1,0
5883,0,0,1
5884,1,0,5
5885,3,5,4
5886,3,4,5
5887,4,0,1
5888,4,5,4
5889,4,0,5
5890,2,0,4
5891,5,4,1
5892,4,3,3
5893,2,4,1
5894,0,1,4
5895,2,4,0
5896,5,4,4
5897,4,0,4
5898,3,5,4
5899,3,5,1
5900,5,4,4
5901,5,5,1
5902,4,5,5
5903,5,1,5
5904,2,0,1
5905,5,4,4
5906,5,0,1
5907,2,5,5
5908,5,0,1
5909,2,1,1
5910,5,4,1
5911,5,5,5
5912,5,4,0
5913,4,0,5
5914,4,4,5
5915,1,2,2
5916,0,4,1
5917,5,5,1
5918,0,3,2
5919,4,3,3
5920,0,0,1
5921,0,1,4
5922,3,5,0
5923,3,5,1
5924,4,5,0
5925,3,1,1
5926,5,1,1
5927,0,0,1
5928,1,3,3
5929,2,4,1
5930,5,2,2
5931,2,1,1
5932,0,3,3
5933,5,0,1
5934,4,0,0
5935,3,5,5
5936,2,2,3
5937,4,5,5
5938,4,0,4
5939,5,5,0
5940,2,4,1
5941,5,4,0
5942,1,5,1
5943,3,0,0
5944,2,4,1
5945,5,5,5
5946,3,5,5
5947,0,5,5
5948,2,0,0
5949,5,0,5
5950,4,5,1
5951,0,5,1
5952,5,5,4
5953,5,0,5
5954,4,5,5
5955,5,3,3
5956,4,5,5
5957,2,4,1
5958,5,1,0
5959,1,0,5
5960,1,2,2
5961,3,1,5
5962,2,4,5
5963,3,4,5
5964,4,0,5
5965,5,1,5
5966,1,3,3
5967,5,1,0
5968,3,0,1
5969,4,1,5
5970,4,1,5
5971,1,1,0
5972,5,4,4
5973,4,1,1
5974,4,1,5
5975,1,1,1
5976,0,5,1
5977,5,4,5
5978,1,1,1
5979,5,5,1
5980,1,0,5
5981,4,5,5
5982,4,0,4
5983,5,5,1
5984,4,2,3
5985,3,1,1
5986,5,0,4
5987,0,0,1
5988,1,5,5
5989,0,0,5
5990,0,4,4
5991,2,4,5
5992,0,4,4
5993,4,1,5
5994,5,5,5
5995,4,4,5
5996,2,0,1
5997,4,5,1
5998,1,4,5
5999,1,4,5
6000,2,4,5
6001,3,1,0
6002,5,5,5
6003,5,1,5
6004,1,0,5
6005,3,2,3
6006,5,0,5
6007,5,1,1
6008,0,1,1
6009,2,2,3
6010,5,0,5
6011,5,1,5
6012,3,1,5
6013,4,3,2
6014,2,4,1
6015,3,0,5
6016,1,4,1
6017,5,5,1
6018,2,5,5
6019,0,1,1
6020,5,4,4
6021,0,3,2
6022,5,1,5
6023,3,5,5
6024,4,0,4
6025,4,2,3
6026,3,2,3
6027,2,0,4
6028,5,1,4
6029,2,0,5
6030,0,0,4
6031,3,4,0
6032,1,0,1
6033,3,0,5
6034,3,0,1
6035,1,1,4
6036,5,1,5
6037,0,4,0
6038,2,0,5
6039,3,0,4
6040,3,4,1
6041,5,4,5
6042,4,0,5
6043,0,4,1
6044,5,0,4
6045,1,1,5
6046,1,1,5
6047,5,1,1
6048,2,3,3
6049,5,5,4
6050,4,5,5
6051,4,1,5
6052,4,0,5
6053,1,5,1
6054,5,0,4
6055,4,5,5
6056,3,1,1
6057,5,1,4
6058,1,1,1
6059,2,5,1
6060,5,5,1
6061,1,5,5
6062,3,1,0
6063,1,0,1
6064,4,5,1
6065,1,0,1
6066,2,0,4
6067,1,0,1
6068,3,4,1
6069,1,0,0
6070,1,1,5
6071,1,1,1
6072,1,4,5
6073,3,4,5
6074,0,3,2
6075,1,0,5
6076,5,0,0
6077,2,1,5
6078,5,0,5
6079,0,1,1
6080,2,1,1
6081,5,4,1
6082,2,1,1
6083,0,5,1
6084,4,1,5
6085,0,5,1
6086,0,4,1
6087,4,5,1
6088,5,4,5
6089,1,0,5
6090,4,4,5
6091,5,4,5
6092,2,1,5
6093,0,5,1
6094,1,0,1
6095,5,1,1
6096,4,0,0
6097,5,4,5
6098,1,5,5
6099,2,4,1
6100,3,0,1
6101,4,1,1
6102,1,0,5
6103,5,4,1
6104,5,4,4
6105,3,4,5
6106,0,5,4
6107,1,1,1
6108,0,2,3
6109,1,0,5
6110,3,4,5
6111,3,4,5
6112,0,0,1
6113,1,1,5
6114,5,1,5
6115,1,4,4
6116,4,4,5
6117,2,4,4
6118,3,5,1
6119,3,1,1
6120,2,4,5
6121,4,4,5
6122,5,0,0
6123,1,4,4
6124,1,0,5
6125,3,1,4
6126,2,4,5
6127,3,1,1
6128,5,4,5
6129,4,5,5
6130,3,0,1
6131,0,1,1
6132,0,5,5
6133,2,5,5
6134,0,4,0
6135,3,4,0
6136,1,5,1
6137,2,1,5
6138,5,4,5
6139,5,4,1
6140,2,1,1
6141,1,4,0
6142,3,4,4
6143,4,5,5
6144,1,0,1
6145,4,4,0
6146,5,5,5
6147,0,0,4
6148,3,0,1
6149,4,5,5
6150,5,0,1
6151,3,3,3
6152,2,4,0
6153,1,5,5
6154,4,5,5
6155,3,0,5
6156,3,4,0
6157,3,1,5
6158,4,1,1
6159,1,5,1
6160,5,0,5
6161,5,0,5
6162,2,1,5
6163,1,1,5
6164,2,0,1
6165,3,4,0
6166,4,1,5
6167,2,2,2
6168,0,0,1
6169,5,0,5
6170,2,5,5
6171,4,4,1
6172,0,5,4
6173,3,1,5
6174,5,1,1
6175,4,0,5
6176,2,4,5
6177,0,4,5
6178,5,4,1
6179,4,1,5
6180,4,0,1
6181,2,1,5
6182,1,1,4
6183,5,4,5
6184,0,0,5
6185,5,1,4
6186,2,0,1
6187,1,0,1
6188,3,0,1
6189,0,0,5
6190,1,0,0
6191,3,5,1
6192,2,3,2
6193,3,1,1
6194,0,2,2
6195,5,4,5
6196,2,0,0
6197,0,0,4
6198,0,0,5
6199,1,4,5
6200,1,1,5
6201,0,5,5
6202,1,1,5
6203,4,0,5
6204,1,4,5
6205,1,0,5
6206,5,0,1
6207,5,0,5
6208,3,0,1
6209,0,4,5
6210,3,4,5
6211,2,3,3
6212,2,5,5
6213,5,3,2
6214,5,3,3
6215,5,0,1
6216,2,1,5
6217,5,0,5
6218,2,0,5
6219,1,5,1
6220,5,0,0
6221,4,1,5
6222,3,5,1
6223,1,4,5
6224,4,4,5
6225,2,1,5
6226,3,5,4
6227,4,5,5
6228,4,1,5
6229,1,4,5
6230,5,4,1
6231,0,0,5
6232,0,1,5
6233,4,1,5
6234,1,4,5
6235,1,5,5
6236,3,5,0
6237,0,5,1
6238,0,5,1
6239,5,4,4
6240,4,1,5
6241,1,1,5
6242,4,1,1
6243,0,0,5
6244,3,0,5
6245,0,0,1
6246,0,1,1
6247,3,0,5
6248,3,3,3
6249,3,5,5
6250,0,5,5
6251,0,4,1
6252,3,0,5
6253,3,5,5
6254,2,4,5
6255,3,5,5
6256,0,5,1
6257,4,4,1
6258,3,0,1
6259,0,0,5
6260,1,1,1
6261,3,5,4
6262,3,0,5
6263,0,1,5
6264,2,5,0
6265,5,4,4
6266,4,5,1
6267,0,1,5
6268,0,0,5
6269,2,1,0
6270,5,5,1
6271,4,1,5
6272,1,1,5
6273,1,0,1
6274,1,5,1
6275,1,1,1
6276,0,0,5
6277,3,5,5
6278,1,4,4
6279,2,1,1
6280,5,5,5
6281,3,4,1
6282,4,0,1
6283,3,1,4
6284,5,0,0
6285,3,2,2
6286,2,1,1
6287,4,4,1
6288,2,0,1
6289,0,0,5
6290,4,5,1
6291,4,1,5
6292,1,4,1
6293,0,1,1
6294,2,0,5
6295,0,4,5
6296,0,4,5
6297,2,2,3
6298,5,0,1
6299,5,0,1
6300,3,4,5
6301,2,1,4
6302,5,4,1
6303,0,0,5
6304,2,4,5
6305,0,4,5
6306,5,1,5
6307,1,0,0
6308,3,0,5
6309,0,5,0
6310,5,4,5
6311,1,1,0
6312,5,4,1
6313,0,4,5
6314,4,5,5
6315,3,3,3
6316,0,1,1
6317,3,0,1
6318,5,0,4
6319,1,1,5
6320,2,1,4
6321,0,4,4
6322,3,5,1
6323,4,5,5
6324,4,1,1
6325,4,5,1
6326,0,4,1
6327,0,0,5
6328,0,1,5
6329,2,5,5
6330,1,0,1
6331,2,0,5
6332,5,1,5
6333,2,4,5
6334,0,2,3
6335,1,3,3
6336,1,5,4
6337,1,0,4
6338,0,4,0
6339,5,3,3
6340,0,4,5
6341,3,0,1
6342,2,4,5
6343,1,1,1
6344,0,5,5
6345,3,4,0
6346,4,0,5
6347,0,3,3
6348,4,1,1
6349,4,0,1
6350,0,1,5
6351,3,4,1
6352,3,1,4
6353,1,4,1
6354,3,5,1
6355,5,5,5
6356,4,0,1
6357,0,5,4
6358,2,1,5
6359,0,0,5
6360,4,0,5
6361,3,1,1
6362,2,5,5
6363,1,0,1
6364,2,5,1
6365,1,5,0
6366,4,1,1
6367,1,1,5
6368,4,0,1
6369,3,1,4
6370,0,3,2
6371,0,0,1
6372,1,0,1
6373,2,0,1
6374,2,1,4
6375,4,4,1
6376,1,4,5
6377,5,1,5
6378,2,5,1
6379,4,5,5
6380,1,3,2
6381,4,4,5
6382,2,4,4
6383,2,0,1
6384,0,1,1
6385,3,0,1
6386,4,3,3
6387,2,1,4
6388,4,5,1
6389,5,1,1
6390,5,0,5
6391,0,0,5
6392,0,1,4
6393,1,1,1
6394,1,4,5
6395,5,5,5
6396,4,1,4
6397,4,4,4
6398,1,5,0
6399,4,4,5
6400,0,4,0
6401,0,1,1
6402,5,0,1
6403,4,1,5
6404,3,4,5
6405,2,1,5
6406,4,4,4
6407,1,1,4
6408,3,2,3
6409,2,5,1
6410,5,1,0
6411,2,1,5
6412,3,4,1
6413,2,4,1
6414,2,4,1
6415,5,5,0
6416,3,5,5
6417,2,5,5
6418,4,1,1
6419,0,0,5
6420,0,3,2
6421,5,0,5
6422,2,2,2
6423,0,5,1
6424,5,5,4
6425,0,5,1
6426,0,4,5
6427,4,5,1
6428,4,4,5
6429,1,5,1
6430,4,4,1
6431,2,1,5
6432,2,4,1
6433,5,5,1
6434,2,5,5
6435,2,0,5
6436,4,4,5
6437,5,1,5
6438,1,4,4
6439,0,5,4
6440,5,4,5
6441,3,2,3
6442,4,0,1
6443,3,2,2
6444,3,1,5
6445,3,5,1
6446,4,4,1
6447,5,4,5
6448,4,0,1
6449,3,0,1
6450,5,4,5
6451,3,0,0
6452,3,1,5
6453,5,0,0
6454,4,3,2
6455,3,5,0
6456,0,5,5
6457,3,1,5
6458,2,4,1
6459,5,1,4
6460,5,0,5
6461,3,0,0
6462,2,0,1
6463,0,5,1
6464,4,5,1
6465,1,1,5
6466,0,5,5
6467,2,1,5
6468,0,4,0
6469,2,5,1
6470,0,0,1
6471,3,1,1
6472,4,4,5
6473,0,1,1
6474,5,4,5
6475,2,1,1
6476,3,0,5
6477,4,0,1
6478,1,4,1
6479,3,0,4
6480,4,5,5
6481,1,0,5
6482,1,1,1
6483,5,5,4
6484,5,5,1
6485,0,0,5
6486,3,5,1
6487,2,0,1
6488,1,1,5
6489,2,4,0
6490,2,4,5
6491,2,0,1
6492,2,4,5
6493,0,3,2
6494,2,1,4
6495,2,1,1
6496,4,2,2
6497,2,0,4
6498,1,5,5
6499,1,1,1
6500,1,3,3
6501,4,3,3
6502,1,5,5
6503,2,1,1
6504,5,1,1
6505,4,0,1
6506,1,4,5
6507,1,5,4
6508,4,3,3
6509,5,1,1
6510,3,5,0
6511,2,4,5
6512,4,4,5
6513,0,1,1
6514,5,4,5
6515,5,0,5
6516,1,0,5
6517,2,1,1
6518,2,5,0
6519,5,5,1
6520,1,2,3
6521,3,2,3
6522,2,4,5
6523,2,5,5
6524,3,4,5
6525,5,5,1
6526,0,4,1
6527,5,5,1
6528,0,0,1
6529,4,2,3
6530,1,2,3
6531,1,1,5
6532,4,5,4
6533,1,5,5
6534,0,5,1
6535,4,1,1
6536,1,4,4
6537,4,1,5
6538,4,5,5
6539,2,1,1
6540,2,5,5
6541,4,0,0
6542,4,5,5
6543,0,1,1
6544,4,4,1
6545,1,4,5
6546,1,4,1
6547,1,5,1
6548,1,4,1
6549,1,1,1
6550,1,2,3
6551,4,4,1
6552,4,5,4
6553,5,4,1
6554,3,4,0
6555,3,5,1
6556,0,4,5
6557,1,4,5
6558,3,0,1
6559,3,1,5
6560,0,4,1
6561,0,2,2
6562,2,1,1
6563,5,5,5
6564,3,3,2
6565,1,5,5
6566,1,3,2
6567,2,1,5
6568,4,1,1
6569,2,5,5
6570,4,1,0
6571,2,4,4
6572,3,5,4
6573,1,1,5
6574,2,1,0
6575,3,4,5
6576,2,0,5
6577,0,5,4
6578,4,5,1
6579,5,0,5
6580,2,1,1
6581,5,1,1
6582,1,1,5
6583,1,1,0
6584,3,0,1
6585,3,0,1
6586,4,5,1
6587,4,5,4
6588,3,1,1
6589,4,4,5
6590,5,5,1
6591,3,5,1
6592,4,1,5
6593,4,1,0
6594,5,1,5
6595,4,1,1
6596,0,0,1
6597,5,4,5
6598,5,0,5
6599,0,3,2
6600,2,0,1
6601,4,5,4
6602,5,4,4
6603,2,0,0
6604,0,4,4
6605,4,4,5
6606,3,0,1
6607,2,3,2
6608,4,4,5
6609,0,3,2
6610,4,4,5
6611,4,4,5
6612,5,4,5
6613,5,4,1
6614,2,1,4
6615,3,1,1
6616,4,5,1
6617,1,5,1
6618,4,3,2
6619,2,1,5
6620,5,3,3
6621,3,1,5
6622,2,5,1
6623,0,0,5
6624,3,4,1
6625,0,1,4
6626,5,1,0
6627,0,1,5
6628,5,1,4
6629,4,5,1
6630,4,4,1
6631,0,5,0
6632,3,5,1
6633,5,4,0
6634,3,3,2
6635,3,4,5
6636,4,5,5
6637,0,1,5
6638,4,5,1
6639,0,4,1
6640,2,0,4
6641,0,3,2
6642,4,4,1
6643,4,0,1
6644,1,0,4
6645,2,3,2
6646,3,4,5
6647,0,1,1
6648,2,5,5
6649,1,4,0
6650,5,0,0
6651,3,4,0
6652,3,0,4
6653,4,1,5
6654,5,1,5
6655,5,4,4
6656,5,5,1
6657,3,5,5
6658,1,4,4
6659,4,4,5
6660,1,0,0
6661,5,0,0
6662,2,1,1
6663,1,0,5
6664,0,5,5
6665,1,2,3
6666,1,4,1
6667,5,2,2
6668,5,1,5
6669,5,0,1
6670,2,4,4
6671,3,5,5
6672,3,5,1
6673,5,1,5
6674,5,3,2
6675,0,5,5
6676,0,1,5
6677,0,0,1
6678,0,1,5
6679,5,1,1
6680,3,5,4
6681,1,5,5
6682,3,0,1
6683,1,1,1
6684,2,4,0
6685,0,3,2
6686,2,2,3
6687,0,4,1
6688,2,3,3
6689,2,5,5
6690,4,1,5
6691,3,5,5
6692,0,1,5
6693,1,3,2
6694,2,0,1
6695,5,5,1
6696,2,4,5
6697,1,4,5
6698,3,4,5
6699,3,1,1
6700,0,0,5
6701,5,5,5
6702,5,3,2
6703,4,5,5
6704,0,5,5
6705,5,4,5
6706,1,2,3
6707,0,1,0
6708,4,0,5
6709,1,2,2
6710,1,0,1
6711,3,5,5
6712,1,1,5
6713,3,5,5
6714,3,0,1
6715,1,5,4
6716,2,5,1
6717,0,5,1
6718,2,4,5
6719,2,0,5
6720,4,2,3
6721,3,1,4
6722,5,5,5
6723,1,4,4
6724,5,5,1
6725,2,5,4
6726,0,1,1
6727,1,5,5
6728,1,0,5
6729,2,4,5
6730,3,5,5
6731,1,0,4
6732,0,0,5
6733,4,4,1
6734,1,4,4
6735,5,5,5
6736,2,0,1
6737,5,4,1
6738,2,4,5
6739,0,1,1
6740,3,5,0
6741,1,0,1
6742,2,5,5
6743,2,4,4
6744,2,5,5
6745,0,1,1
6746,3,0,1
6747,5,5,5
6748,1,5,4
6749,5,5,1
6750,0,5,0
6751,5,1,0
6752,3,0,5
6753,1,4,5
6754,5,4,1
6755,5,0,5
6756,5,2,3
6757,4,5,0
6758,2,4,5
6759,5,3,2
6760,5,5,1
6761,2,0,5
6762,1,0,1
6763,4,4,5
6764,5,0,5
6765,1,5,5
6766,2,5,4
6767,1,0,4
6768,5,5,4
6769,5,5,1
6770,0,1,5
6771,3,4,1
6772,3,5,5
6773,3,1,1
6774,5,1,5
6775,3,0,1
6776,2,5,5
6777,4,2,2
6778,1,4,5
6779,1,2,2
6780,1,0,1
6781,3,4,1
6782,2,4,0
6783,4,4,4
6784,3,5,4
6785,3,5,1
6786,4,0,0
6787,4,1,1
6788,5,5,5
6789,2,0,5
6790,2,0,5
6791,4,1,1
6792,4,0,5
6793,3,1,5
6794,0,0,1
6795,1,5,0
6796,4,1,5
6797,1,1,1
6798,3,5,1
6799,2,1,1
6800,4,1,5
6801,2,4,4
6802,4,1,1
6803,0,4,0
6804,4,1,5
6805,4,5,5
6806,1,4,1
6807,3,5,5
6808,3,2,3
6809,4,5,5
6810,0,4,5
6811,2,5,5
6812,1,4,5
6813,4,1,5
6814,4,0,5
6815,1,0,1
6816,4,4,4
6817,0,1,5
6818,2,0,5
6819,0,5,5
6820,0,4,1
6821,0,1,5
6822,5,5,5
6823,4,1,5
6824,5,5,1
6825,1,4,1
6826,4,5,0
6827,4,1,1
6828,5,5,4
6829,4,0,1
6830,0,1,0
6831,3,1,4
6832,0,1,5
6833,5,5,5
6834,4,0,5
6835,0,4,5
6836,3,1,1
6837,0,5,1
6838,3,1,5
6839,5,1,4
6840,3,0,5
6841,0,0,5
6842,4,5,0
6843,5,1,5
6844,2,3,2
6845,2,4,0
6846,5,1,5
6847,3,2,2
6848,1,3,2
6849,0,1,0
6850,5,2,2
6851,1,0,5
6852,1,5,1
6853,3,4,5
6854,2,3,2
6855,3,0,0
6856,4,5,5
6857,1,2,2
6858,0,4,1
6859,1,4,0
6860,2,0,4
6861,3,0,1
6862,0,1,5
6863,4,1,5
6864,2,4,1
6865,4,1,1
6866,2,1,1
6867,5,1,5
6868,3,5,5
6869,4,5,5
6870,0,1,0
6871,2,1,1
6872,0,3,3
6873,3,0,5
6874,5,4,5
6875,3,2,2
6876,4,3,3
6877,0,0,1
6878,2,0,1
6879,1,0,1
6880,5,1,0
6881,5,3,2
6882,1,2,2
6883,0,0,1
6884,4,1,5
6885,0,4,5
6886,3,5,5
6887,1,4,1
6888,0,2,3
6889,5,4,5
6890,3,1,5
6891,5,5,1
6892,4,4,5
6893,2,2,2
6894,4,5,5
6895,2,1,5
6896,2,0,1
6897,0,5,1
6898,0,0,5
6899,0,0,1
6900,2,1,1
6901,4,1,5
6902,2,0,1
6903,3,1,1
6904,2,5,5
6905,5,5,5
6906,1,5,1
6907,1,4,1
6908,2,0,5
6909,2,4,5
6910,1,5,4
6911,5,1,0
6912,2,1,5
6913,2,5,5
6914,2,5,5
6915,4,1,5
6916,2,4,5
6917,5,4,5
6918,5,0,5
6919,3,0,4
6920,5,3,2
6921,2,0,0
6922,2,5,5
6923,1,0,1
6924,2,4,5
6925,1,2,2
6926,1,0,5
6927,0,1,5
6928,4,5,5
6929,5,4,4
6930,5,4,5
6931,2,5,5
6932,3,2,2
6933,5,1,5
6934,3,0,5
6935,2,0,1
6936,2,5,5
6937,3,0,1
6938,2,0,5
6939,2,0,4
6940,0,1,5
6941,1,5,5
6942,4,0,5
6943,0,4,1
6944,4,1,1
6945,5,4,1
6946,5,0,1
6947,3,5,5
6948,3,0,4
6949,2,0,1
6950,2,4,5
6951,4,0,0
6952,5,1,5
6953,2,0,1
6954,0,3,3
6955,1,4,1
6956,3,1,1
6957,3,5,1
6958,2,4,1
6959,2,2,2
6960,3,1,5
6961,3,1,5
6962,1,5,4
6963,5,0,1
6964,4,5,4
6965,0,5,5
6966,1,1,5
6967,4,0,1
6968,2,1,0
6969,5,0,5
6970,3,2,3
6971,0,5,5
6972,4,1,1
6973,3,0,5
6974,4,4,1
6975,1,1,0
6976,3,1,4
6977,3,4,4
6978,5,5,4
6979,2,5,5
6980,3,0,5
6981,5,5,0
6982,1,0,1
6983,2,0,1
6984,1,4,1
6985,2,1,5
6986,5,1,1
6987,2,1,1
6988,1,4,5
6989,0,4,5
6990,1,3,2
6991,0,4,1
6992,4,1,1
6993,4,0,5
6994,0,1,4
6995,4,5,5
6996,3,0,1
6997,3,5,1
6998,5,1,5
6999,4,4,5
7000,3,4,5
7001,5,0,1
7002,1,4,5
7003,4,0,1
7004,5,0,5
7005,3,0,4
7006,0,3,2
7007,5,0,4
7008,1,0,4
7009,0,1,0
7010,2,0,5
7011,3,4,1
7012,0,1,5
7013,3,5,0
7014,1,4,5
7015,0,3,2
7016,3,1,5
7017,1,0,1
7018,0,1,5
7019,5,0,5
7020,1,0,1
7021,5,1,1
7022,1,4,1
7023,0,4,5
7024,1,4,1
7025,1,3,2
7026,5,1,5
7027,4,4,5
7028,2,0,1
7029,2,1,1
7030,3,1,1
7031,2,1,5
7032,1,1,1
7033,2,4,5
7034,5,1,5
7035,0,5,5
7036,4,4,4
7037,4,0,1
7038,5,1,0
7039,4,4,4
7040,2,5,1
7041,5,4,5
7042,3,5,5
7043,2,3,3
7044,5,0,5
7045,0,4,4
7046,1,1,5
7047,0,2,2
7048,5,2,3
7049,1,0,5
7050,2,5,5
7051,5,4,4
7052,0,1,1
7053,1,1,4
7054,1,0,1
7055,2,5,5
7056,2,2,2
7057,5,4,1
7058,0,5,1
7059,4,4,5
7060,2,5,1
7061,4,0,1
7062,3,5,1
7063,3,3,2
7064,1,1,5
7065,2,5,1
7066,2,1,5
7067,5,4,5
7068,4,1,5
7069,0,0,4
7070,5,1,1
7071,2,5,0
7072,3,4,5
7073,3,4,4
7074,5,1,5
7075,4,5,5
7076,2,4,1
7077,0,1,5
7078,2,2,2
7079,1,4,4
7080,5,0,1
7081,0,4,5
7082,1,5,5
7083,0,4,4
7084,3,1,1
7085,5,3,2
7086,0,5,5
7087,3,1,1
7088,4,1,0
7089,0,3,3
7090,4,5,4
7091,5,3,2
7092,3,4,5
7093,3,5,1
7094,3,4,1
7095,5,4,4
7096,3,5,0
7097,5,4,1
7098,5,0,0
7099,1,5,5
7100,0,4,1
7101,3,0,5
7102,4,0,0
7103,2,4,5
7104,0,0,1
7105,2,2,2
7106,5,4,1
7107,4,5,0
7108,1,0,1
7109,1,4,5
7110,1,5,1
7111,4,4,1
7112,0,1,1
7113,3,4,5
7114,0,4,1
7115,0,0,5
7116,2,0,5
7117,3,5,5
7118,0,4,0
7119,5,3,2
7120,0,4,4
7121,5,1,5
7122,0,3,2
7123,0,5,5
7124,3,1,5
7125,3,5,5
7126,1,5,5
7127,2,1,5
7128,3,5,4
7129,0,1,1
7130,1,4,5
7131,0,4,1
7132,1,0,4
7133,0,5,1
7134,4,4,5
7135,5,1,5
7136,4,0,5
7137,1,1,1
7138,5,0,5
7139,4,1,5
7140,2,1,5
7141,1,5,1
7142,3,0,5
7143,2,4,5
7144,4,1,4
7145,3,0,5
7146,5,0,4
7147,5,4,1
7148,0,0,5
7149,0,4,5
7150,4,0,4
7151,0,1,1
7152,1,1,1
7153,5,3,2
7154,2,1,1
7155,3,5,5
7156,1,3,2
7157,1,4,5
7158,3,0,1
7159,1,4,1
7160,0,0,5
7161,0,4,5
7162,2,4,5
7163,1,4,1
7164,5,4,5
7165,5,5,1
7166,1,3,3
7167,3,0,1
7168,5,0,1
7169,3,3,2
7170,2,0,5
7171,5,5,1
7172,0,4,5
7173,1,4,1
7174,0,4,5
7175,0,1,4
7176,4,4,5
7177,4,2,2
7178,5,2,2
7179,5,4,1
7180,5,5,0
7181,3,1,5
7182,1,0,5
7183,2,1,1
7184,5,1,1
7185,1,0,0
7186,2,0,1
7187,5,3,2
7188,5,0,0
7189,5,5,1
7190,4,5,5
7191,1,4,1
7192,0,4,5
7193,1,4,1
7194,1,5,1
7195,1,5,1
7196,5,5,5
7197,2,2,3
7198,1,0,4
7199,3,4,0
7200,1,1,1
7201,5,0,5
7202,4,0,1
7203,2,2,2
7204,5,4,1
7205,5,5,1
7206,0,5,5
7207,5,5,4
7208,0,5,5
7209,4,0,1
7210,5,4,5
7211,0,0,5
7212,3,0,1
7213,5,5,5
7214,3,0,5
7215,5,1,5
7216,1,0,1
7217,1,5,0
7218,4,0,5
7219,5,0,5
7220,0,5,1
7221,1,4,5
7222,2,4,5
7223,4,1,5
7224,5,5,5
7225,5,0,1
7226,5,0,0
7227,3,0,5
7228,1,0,5
7229,4,5,5
7230,5,4,5
7231,4,0,5
7232,1,3,3
7233,4,4,5
7234,4,0,5
7235,3,0,5
7236,3,1,1
7237,1,1,5
7238,1,0,1
7239,4,1,4
7240,0,5,5
7241,4,1,4
7242,1,0,4
7243,2,0,0
7244,3,1,4
7245,0,1,5
7246,0,1,0
7247,1,1,5
7248,3,1,0
7249,4,0,0
7250,2,1,5
7251,5,4,5
7252,1,0,1
7253,1,1,1
7254,5,0,5
7255,3,3,2
7256,0,4,1
7257,0,0,5
7258,4,5,4
7259,2,0,5
7260,1,2,2
7261,4,1,0
7262,2,2,3
7263,1,5,4
7264,0,5,1
7265,2,1,5
7266,4,0,5
7267,1,0,0
7268,3,1,1
7269,3,0,1
7270,3,0,0
7271,2,1,1
7272,2,5,5
7273,4,5,5
7274,1,0,1
7275,2,0,5
7276,0,5,5
7277,5,4,5
7278,2,1,0
7279,4,0,0
7280,4,5,1
7281,2,1,0
7282,4,1,5
7283,1,3,2
7284,2,1,5
7285,1,0,5
7286,4,4,1
7287,4,4,5
7288,2,2,2
7289,4,1,5
7290,2,2,3
7291,4,5,4
7292,0,0,1
7293,5,1,0
7294,0,0,5
7295,5,5,5
7296,3,0,5
7297,5,1,5
7298,1,0,5
7299,3,0,5
7300,4,4,1
7301,4,5,5
7302,4,5,5
7303,2,1,1
7304,4,1,5
7305,3,4,5
7306,2,1,5
7307,4,4,1
7308,1,0,1
7309,1,4,5
7310,3,0,4
7311,1,5,5
7312,3,2,2
7313,3,0,4
7314,2,0,1
7315,2,1,5
7316,4,5,5
7317,0,0,1
7318,0,0,1
7319,1,1,5
7320,2,0,0
7321,1,5,5
7322,0,5,1
7323,1,1,1
7324,4,5,5
7325,4,2,2
7326,1,1,5
7327,5,1,4
7328,5,5,5
7329,1,0,1
7330,3,0,5
7331,0,5,1
7332,4,0,0
7333,2,5,4
7334,4,0,4
7335,0,0,4
7336,5,4,0
7337,0,5,4
7338,3,5,1
7339,5,0,5
7340,2,1,5
7341,1,4,5
7342,5,1,5
7343,2,4,5
7344,0,0,0
7345,5,4,1
7346,2,5,4
7347,0,5,1
7348,5,4,0
7349,2,1,1
7350,3,5,4
7351,1,0,5
7352,0,1,1
7353,4,0,1
7354,0,4,5
7355,4,2,2
7356,1,1,5
7357,4,4,1
7358,0,5,1
7359,5,1,1
7360,3,0,4
7361,0,3,3
7362,4,3,3
7363,3,1,1
7364,4,4,0
7365,0,5,0
7366,1,0,1
7367,2,4,0
7368,1,1,0
7369,1,5,5
7370,1,1,5
7371,1,1,1
7372,3,0,0
7373,0,4,5
7374,2,5,4
7375,0,2,2
7376,4,4,1
7377,1,0,4
7378,5,0,5
7379,3,4,5
7380,2,4,1
7381,1,4,4
7382,3,0,4
7383,1,5,5
7384,2,2,2
7385,1,4,4
7386,2,5,1
7387,0,1,1
7388,1,3,3
7389,4,1,5
7390,4,5,1
7391,0,5,5
7392,4,0,4
7393,0,5,1
7394,4,5,5
7395,4,1,5
7396,4,0,0
7397,2,5,5
7398,0,1,1
7399,0,4,5
7400,4,0,5
7401,5,5,5
7402,0,1,4
7403,2,5,1
7404,1,1,1
7405,4,4,4
7406,1,4,5
7407,5,1,4
7408,2,0,5
7409,1,5,5
7410,4,5,1
7411,2,1,5
7412,1,2,2
7413,5,0,4
7414,5,0,4
7415,1,1,5
7416,5,0,0
7417,2,4,5
7418,3,5,5
7419,4,4,5
7420,1,5,0
7421,1,4,5
7422,1,4,5
7423,2,5,5
7424,3,5,5
7425,5,3,3
7426,2,4,5
7427,5,0,5
7428,2,2,2
7429,5,4,1
7430,3,0,1
7431,3,5,5
7432,5,0,5
7433,0,4,1
7434,1,0,4
7435,5,5,0
7436,1,0,5
7437,1,4,4
7438,2,0,1
7439,4,0,0
7440,3,4,5
7441,4,4,1
7442,1,2,3
7443,2,3,3
7444,1,5,0
7445,3,0,4
7446,5,4,5
7447,2,5,1
7448,0,1,1
7449,1,4,5
7450,3,4,1
7451,2,1,0
7452,4,4,1
7453,3,0,4
7454,5,5,5
7455,1,0,1
7456,5,1,5
7457,1,5,1
7458,5,0,5
7459,4,1,1
7460,5,4,0
7461,1,1,1
7462,1,5,1
7463,3,0,5
7464,5,4,5
7465,0,1,1
7466,3,3,2
7467,3,5,1
7468,4,1,5
7469,4,1,4
7470,4,0,1
7471,3,3,3
7472,2,0,1
7473,4,1,5
7474,0,1,1
7475,1,4,1
7476,1,1,1
7477,4,4,1
7478,2,5,1
7479,0,0,1
7480,1,4,1
7481,3,0,1
7482,3,2,3
7483,1,0,4
7484,4,4,1
7485,4,1,5
7486,1,4,5
7487,1,5,4
7488,0,0,5
7489,5,4,4
7490,5,0,0
7491,5,4,4
7492,4,0,5
7493,5,1,4
7494,0,0,5
7495,3,1,1
7496,1,4,5
7497,5,1,1
7498,2,2,3
7499,5,1,1
7500,3,0,5
7501,4,4,0
7502,2,4,0
7503,4,4,5
7504,2,1,4
7505,2,4,5
7506,4,1,4
7507,3,5,0
7508,2,5,1
7509,3,4,1
7510,2,1,0
7511,1,4,1
7512,3,4,0
7513,2,2,2
7514,0,5,1
7515,1,4,5
7516,5,4,5
7517,5,4,4
7518,3,4,1
7519,4,5,0
7520,1,3,3
7521,4,4,4
7522,1,4,1
7523,0,4,0
7524,4,5,5
7525,2,4,1
7526,5,5,1
7527,0,1,1
7528,5,1,1
7529,4,4,1
7530,3,1,5
7531,2,4,1
7532,1,5,1
7533,5,0,1
7534,3,5,5
7535,3,1,0
7536,3,5,1
7537,2,4,5
7538,5,0,1
7539,0,3,2
7540,3,1,1
7541,1,5,0
7542,1,1,4
7543,3,0,5
7544,1,4,5
7545,3,5,5
7546,0,0,1
7547,5,1,1
7548,4,1,1
7549,4,5,4
7550,1,4,1
7551,0,4,1
7552,4,0,1
7553,4,2,3
7554,2,0,5
7555,1,1,1
7556,3,2,2
7557,4,4,5
7558,4,4,4
7559,3,5,4
7560,0,5,5
7561,0,3,2
7562,5,1,5
7563,0,4,1
7564,5,0,5
7565,5,4,4
7566,0,4,5
7567,0,0,5
7568,1,2,3
7569,3,3,2
7570,4,1,1
7571,0,0,1
7572,4,1,0
7573,3,4,0
7574,0,5,1
7575,4,1,1
7576,0,5,5
7577,1,0,5
7578,0,5,1
7579,3,1,1
7580,2,4,1
7581,4,4,1
7582,5,1,4
7583,3,0,5
7584,1,1,5
7585,2,3,2
7586,5,4,5
7587,0,4,1
7588,2,5,5
7589,2,1,1
7590,3,2,3
7591,5,4,1
7592,4,1,5
7593,4,3,2
7594,1,1,0
7595,0,4,1
7596,0,5,5
7597,2,0,5
7598,1,1,5
7599,2,5,5
7600,3,4,4
7601,3,1,1
7602,3,0,1
7603,2,4,4
7604,4,1,5
7605,1,1,1
7606,2,0,1
7607,2,1,1
7608,3,4,1
7609,3,2,2
7610,5,4,4
7611,5,0,5
7612,1,2,2
7613,1,2,2
7614,2,4,5
7615,2,1,1
7616,3,1,5
7617,5,3,3
7618,1,5,1
7619,1,0,1
7620,5,1,5
7621,2,5,1
7622,2,4,4
7623,1,3,2
7624,1,4,1
7625,4,0,5
7626,5,5,5
7627,0,1,1
7628,0,0,5
7629,4,2,2
7630,2,0,1
7631,1,4,0
7632,2,0,5
7633,1,2,3
7634,3,1,1
7635,5,2,2
7636,4,0,1
7637,2,5,5
7638,3,5,5
7639,2,5,5
7640,0,1,1
7641,5,0,5
7642,0,0,5
7643,5,3,2
7644,4,4,5
7645,1,5,1
7646,4,1,5
7647,4,0,1
7648,5,4,5
7649,5,0,1
7650,3,1,4
7651,3,1,1
7652,2,0,4
7653,5,3,2
7654,4,1,5
7655,4,0,5
7656,1,4,4
7657,3,1,1
7658,4,5,5
7659,3,2,3
7660,1,0,1
7661,3,5,5
7662,0,3,3
7663,1,4,1
7664,4,1,5
7665,4,4,1
7666,3,0,5
7667,3,1,1
7668,1,1,0
7669,2,1,1
7670,5,0,0
7671,1,4,0
7672,0,5,5
7673,4,4,1
7674,0,1,5
7675,0,0,5
7676,1,5,4
7677,1,5,1
7678,1,1,1
7679,5,4,1
7680,4,0,1
7681,4,4,1
7682,2,2,2
7683,2,1,5
7684,2,5,5
7685,2,4,1
7686,1,0,1
7687,3,0,1
7688,4,4,5
7689,4,5,1
7690,2,4,5
7691,5,0,4
7692,0,4,5
7693,3,1,5
7694,2,4,5
7695,0,5,5
7696,2,1,1
7697,0,4,0
7698,2,0,1
7699,2,0,0
7700,4,1,5
7701,4,4,5
7702,0,5,5
7703,5,4,1
7704,0,5,5
7705,2,4,0
7706,1,4,5
7707,5,4,4
7708,4,1,5
7709,5,3,2
7710,3,1,0
7711,1,0,5
7712,4,2,3
7713,1,4,0
7714,2,4,4
7715,1,0,5
7716,3,1,5
7717,1,4,1
7718,1,1,5
7719,3,0,0
7720,1,4,1
7721,2,0,1
7722,5,4,5
7723,5,4,1
7724,1,2,2
7725,5,4,1
7726,5,0,5
7727,5,5,5
7728,1,0,1
7729,1,0,1
7730,3,0,5
7731,2,4,4
7732,5,4,1
7733,2,0,1
7734,3,4,5
7735,0,5,0
7736,0,5,5
7737,0,3,2
7738,5,2,3
7739,3,0,1
7740,5,1,5
7741,1,1,5
7742,2,5,1
7743,4,4,5
7744,5,4,1
7745,0,4,5
7746,0,0,4
7747,0,4,1
7748,5,2,3
7749,0,5,5
7750,5,0,1
7751,0,2,3
7752,0,5,4
7753,2,1,5
7754,4,0,5
7755,3,4,4
7756,2,2,2
7757,5,1,1
7758,2,4,5
7759,1,4,5
7760,2,0,1
7761,0,4,0
7762,3,1,5
7763,0,2,3
7764,0,4,0
7765,3,5,5
7766,0,4,5
7767,2,0,1
7768,3,2,2
7769,2,1,5
7770,0,4,5
7771,1,0,5
7772,2,5,1
7773,3,3,2
7774,2,1,5
7775,1,3,3
7776,4,0,4
7777,3,5,1
7778,4,0,5
7779,0,4,1
7780,2,5,1
7781,4,1,0
7782,2,0,1
7783,3,4,5
7784,5,0,1
7785,2,5,5
7786,3,5,5
7787,3,5,0
7788,4,5,5
7789,1,0,5
7790,0,5,1
7791,3,3,2
7792,4,5,5
7793,4,5,4
7794,0,0,1
7795,1,1,5
7796,4,5,5
7797,5,1,5
7798,3,0,1
7799,2,0,4
7800,2,4,5
7801,4,5,4
7802,3,0,1
7803,4,5,0
7804,1,1,1
7805,2,1,5
7806,3,5,4
7807,3,1,5
7808,2,1,4
7809,2,1,0
7810,3,5,5
7811,1,4,5
7812,3,1,1
7813,0,1,1
7814,1,0,5
7815,1,5,5
7816,3,5,1
7817,1,5,5
7818,3,0,5
7819,2,0,1
7820,0,0,5
7821,5,1,1
7822,3,5,4
7823,2,5,4
7824,0,5,1
7825,4,0,1
7826,4,2,3
7827,1,5,5
7828,0,4,4
7829,1,0,1
7830,5,5,5
7831,2,4,0
7832,1,1,5
7833,4,4,1
7834,3,0,5
7835,3,2,2
7836,2,1,1
7837,5,4,5
7838,0,0,5
7839,5,1,5
7840,4,4,1
7841,5,5,1
7842,0,0,4
7843,1,1,4
7844,4,0,5
7845,4,5,1
7846,4,4,5
7847,4,0,4
7848,5,5,4
7849,5,5,1
7850,0,4,1
7851,0,0,1
7852,3,5,1
7853,5,4,5
7854,1,4,5
7855,4,3,2
7856,5,0,5
7857,1,4,5
7858,1,1,1
7859,5,0,0
7860,1,3,2
7861,1,5,0
7862,1,2,3
7863,3,5,5
7864,5,1,5
7865,3,1,1
7866,4,5,5
7867,4,5,1
7868,3,4,0
7869,3,0,4
7870,1,4,5
7871,1,0,5
7872,5,1,5
7873,2,5,1
7874,5,4,1
7875,4,4,1
7876,4,4,5
7877,2,2,2
7878,0,4,0
7879,2,1,1
7880,4,5,5
7881,1,5,5
7882,1,3,3
7883,5,0,1
7884,5,1,4
7885,3,2,2
7886,1,5,5
7887,1,5,5
7888,5,5,5
7889,1,0,1
7890,5,1,5
7891,1,1,1
7892,5,5,5
7893,1,1,1
7894,3,5,1
7895,3,0,1
7896,2,0,5
7897,0,3,3
7898,5,1,1
7899,2,5,4
7900,1,0,1
7901,3,4,1
7902,4,4,5
7903,2,4,0
7904,1,5,1
7905,3,4,5
7906,3,1,4
7907,4,4,5
7908,1,0,1
7909,3,3,3
7910,5,0,0
7911,5,1,5
7912,0,5,5
7913,3,4,1
7914,4,4,5
7915,4,5,5
7916,1,1,1
7917,5,0,5
7918,5,4,1
7919,0,4,5
7920,4,1,5
7921,2,0,0
7922,3,1,4
7923,1,4,0
7924,0,1,4
7925,4,5,1
7926,1,4,1
7927,5,0,5
7928,2,0,1
7929,0,1,1
7930,5,5,1
7931,2,5,1
7932,2,0,1
7933,4,0,4
7934,3,0,5
7935,1,1,0
7936,2,4,5
7937,2,3,3
7938,2,0,1
7939,0,0,1
7940,5,0,1
7941,3,4,5
7942,2,5,1
7943,1,5,1
7944,2,1,5
7945,0,4,0
7946,5,5,4
7947,4,4,1
7948,2,5,1
7949,4,1,1
7950,0,0,4
7951,5,4,1
7952,4,0,1
7953,3,5,5
7954,5,5,4
7955,0,5,5
7956,5,5,0
7957,2,3,2
7958,5,0,5
7959,3,1,5
7960,3,1,5
7961,0,3,3
7962,2,0,4
7963,2,0,0
7964,4,5,5
7965,1,4,5
7966,5,4,0
7967,0,5,1
7968,5,0,5
7969,1,4,5
7970,1,4,5
7971,3,1,5
7972,4,5,4
7973,4,1,5
7974,1,2,2
7975,0,0,5
7976,0,4,1
7977,3,3,2
7978,3,5,5
7979,4,4,4
7980,1,1,5
7981,2,0,5
7982,5,0,1
7983,3,2,2
7984,3,4,5
7985,2,0,4
7986,1,1,1
7987,1,4,1
7988,3,0,0
7989,2,0,1
7990,2,1,5
7991,2,5,4
7992,3,5,1
7993,5,4,1
7994,0,1,1
7995,5,5,4
7996,3,0,5
7997,1,1,5
7998,3,0,5
7999,2,5,0
8000,1,1,5
8001,2,4,5
8002,1,1,4
8003,3,5,0
8004,1,4,0
8005,0,0,5
8006,0,5,5
8007,1,5,5
8008,2,0,0
8009,3,0,5
8010,1,4,5
8011,3,4,5
8012,1,1,5
8013,1,5,5
8014,3,4,1
8015,4,4,4
8016,1,5,1
8017,0,3,3
8018,5,2,2
8019,2,5,5
8020,3,5,5
8021,2,0,4
8022,5,1,5
8023,2,1,1
8024,5,1,0
8025,2,4,1
8026,0,4,1
8027,0,4,1
8028,3,3,3
8029,2,1,4
8030,1,4,1
8031,4,5,4
8032,3,0,1
8033,5,3,3
8034,3,1,5
8035,2,0,5
8036,4,1,1
8037,1,0,1
8038,4,4,5
8039,1,1,4
8040,5,0,5
8041,3,5,0
8042,5,5,5
8043,3,5,4
8044,2,1,4
8045,1,0,5
8046,5,1,4
8047,0,1,5
8048,4,5,4
8049,1,4,4
8050,5,1,1
8051,1,1,5
8052,4,1,5
8053,1,0,0
8054,2,0,0
8055,3,5,1
8056,0,0,1
8057,1,5,1
8058,5,0,5
8059,1,1,5
8060,3,4,5
8061,5,1,5
8062,0,2,2
8063,0,5,1
8064,3,1,1
8065,2,0,4
8066,4,3,2
8067,4,0,4
8068,4,1,1
8069,1,3,3
8070,1,5,5
8071,0,5,1
8072,1,0,5
8073,1,0,5
8074,4,1,5
8075,0,4,4
8076,5,0,1
8077,1,5,5
8078,0,5,5
8079,4,4,5
8080,0,0,5
8081,4,0,5
8082,5,1,5
8083,4,4,4
8084,0,4,1
8085,5,5,1
8086,5,5,1
8087,5,5,0
8088,5,4,1
8089,2,5,5
8090,4,1,1
8091,5,0,5
8092,0,5,1
8093,2,0,5
8094,1,3,3
8095,4,5,1
8096,4,0,5
8097,3,5,5
8098,2,0,5
8099,4,4,1
8100,3,0,5
8101,1,0,5
8102,3,5,5
8103,0,5,5
8104,1,4,0
8105,0,1,1
8106,1,1,5
8107,5,4,1
8108,0,1,5
8109,5,5,1
8110,5,2,3
8111,1,1,0
8112,3,0,5
8113,3,1,5
8114,4,4,0
8115,5,2,3
8116,0,0,5
8117,2,4,1
8118,2,1,5
8119,3,1,4
8120,3,1,1
8121,1,0,5
8122,5,2,2
8123,3,5,1
8124,4,5,4
8125,4,4,5
8126,1,5,0
8127,1,1,4
8128,1,1,0
8129,1,0,1
8130,2,4,5
8131,1,0,0
8132,2,0,5
8133,5,1,1
8134,3,5,1
8135,0,2,3
8136,2,1,5
8137,4,4,4
8138,5,0,4
8139,5,0,0
8140,4,1,5
8141,2,0,5
8142,4,5,5
8143,2,5,5
8144,4,1,5
8145,1,4,1
8146,0,0,5
8147,3,5,5
8148,0,4,0
8149,0,0,1
8150,2,2,2
8151,1,0,1
8152,0,1,1
8153,4,4,0
8154,3,0,0
8155,3,5,5
8156,2,0,5
8157,0,1,5
8158,4,4,5
8159,2,5,5
8160,0,1,0
8161,4,5,1
8162,5,5,5
8163,3,1,0
8164,2,5,1
8165,5,0,5
8166,0,1,5
8167,4,1,5
8168,4,5,1
8169,5,0,5
8170,1,1,5
8171,2,4,5
8172,4,5,0
8173,0,4,5
8174,0,0,0
8175,5,5,0
8176,3,2,3
8177,4,1,1
8178,0,1,5
8179,2,5,5
8180,4,1,1
8181,1,5,5
8182,4,3,3
8183,2,1,1
8184,5,0,5
8185,1,1,5
8186,5,1,0
8187,1,4,1
8188,0,0,1
8189,1,2,2
8190,1,4,0
8191,0,0,0
8192,1,1,5
8193,0,0,4
8194,2,4,4
8195,1,0,1
8196,5,0,5
8197,3,0,5
8198,0,4,5
8199,4,1,0
8200,1,5,0
8201,0,4,0
8202,0,1,5
8203,2,1,5
8204,3,0,1
8205,4,0,1
8206,4,1,5
8207,3,5,0
8208,2,0,5
8209,3,4,5
8210,1,1,5
8211,2,0,5
8212,5,1,5
8213,4,4,5
8214,4,5,1
8215,4,4,1
8216,3,1,1
8217,4,1,1
8218,0,5,1
8219,0,1,0
8220,4,5,5
8221,3,1,1
8222,3,1,5
8223,2,5,1
8224,2,0,5
8225,2,5,0
8226,0,0,5
8227,0,5,5
8228,1,1,1
8229,1,5,5
8230,1,1,1
8231,2,5,4
8232,0,0,5
8233,4,0,1
8234,1,2,3
8235,3,3,2
8236,0,1,4
