,predict,true
0,5,5
1,5,2
2,5,4
3,1,1
4,5,3
5,5,5
6,5,0
7,5,0
8,1,1
9,5,5
10,5,5
11,5,5
12,1,1
13,1,1
14,1,1
15,5,5
16,2,2
17,5,5
18,1,1
19,1,1
20,5,4
21,1,1
22,5,5
23,1,4
24,5,4
25,5,5
26,5,5
27,1,1
28,5,4
29,5,5
30,5,0
31,1,1
32,1,1
33,5,5
34,1,1
35,5,4
36,5,5
37,5,5
38,1,1
39,5,5
40,5,5
41,1,1
42,5,0
43,1,0
44,5,5
45,1,1
46,1,1
47,5,1
48,1,1
49,5,5
50,5,5
51,5,5
52,1,1
53,5,4
54,5,5
55,1,1
56,5,5
57,2,2
58,1,1
59,5,0
60,5,4
61,5,4
62,1,1
63,5,5
64,5,4
65,1,1
66,5,5
67,5,5
68,5,5
69,5,5
70,1,1
71,5,1
72,5,5
73,5,4
74,1,1
75,5,5
76,1,1
77,1,1
78,1,1
79,2,2
80,1,1
81,5,5
82,5,0
83,5,5
84,5,5
85,5,4
86,1,1
87,1,4
88,5,5
89,5,5
90,5,4
91,5,5
92,5,5
93,1,1
94,3,3
95,5,5
96,1,1
97,5,5
98,1,1
99,5,1
100,5,4
101,5,5
102,5,5
103,5,5
104,5,5
105,5,5
106,1,1
107,1,1
108,5,5
109,5,5
110,5,5
111,5,3
112,5,4
113,5,5
114,1,4
115,5,5
116,5,0
117,5,4
118,1,1
119,5,5
120,5,5
121,5,5
122,1,0
123,5,2
124,2,2
125,5,0
126,5,5
127,5,5
128,1,1
129,5,4
130,1,1
131,5,5
132,1,1
133,5,5
134,1,1
135,4,0
136,5,5
137,1,1
138,5,5
139,5,0
140,1,1
141,1,1
142,5,4
143,1,1
144,5,4
145,1,5
146,5,5
147,2,2
148,2,2
149,5,3
150,1,1
151,5,0
152,2,2
153,5,5
154,1,1
155,5,5
156,1,1
157,5,4
158,5,5
159,5,5
160,5,5
161,5,5
162,1,1
163,5,5
164,1,1
165,1,1
166,1,1
167,5,0
168,1,1
169,1,1
170,1,1
171,5,0
172,1,1
173,5,5
174,5,5
175,5,1
176,5,0
177,1,1
178,5,5
179,5,3
180,5,5
181,1,1
182,5,0
183,5,5
184,5,5
185,1,1
186,5,5
187,5,4
188,1,1
189,1,1
190,5,4
191,5,0
192,1,1
193,5,5
194,5,5
195,5,5
196,2,3
197,1,1
198,5,4
199,5,4
200,5,4
201,5,5
202,1,1
203,5,5
204,5,0
205,1,1
206,5,4
207,2,2
208,1,1
209,5,5
210,5,0
211,5,5
212,5,1
213,5,5
214,5,5
215,5,4
216,1,1
217,1,1
218,1,1
219,5,0
220,1,1
221,1,1
222,1,1
223,5,5
224,5,5
225,5,5
226,5,0
227,5,5
228,1,1
229,5,4
230,1,1
231,5,5
232,2,2
233,1,1
234,2,2
235,1,0
236,5,5
237,5,0
238,1,1
239,5,5
240,1,4
241,1,1
242,1,1
243,5,5
244,1,1
245,5,5
246,1,1
247,2,2
248,5,5
249,1,1
250,5,5
251,1,1
252,2,3
253,5,5
254,1,1
255,2,2
256,5,0
257,1,1
258,5,5
259,5,5
260,1,1
261,5,5
262,1,1
263,5,0
264,1,1
265,5,4
266,5,4
267,5,5
268,5,4
269,1,1
270,1,1
271,5,5
272,1,1
273,5,3
274,5,5
275,1,1
276,2,2
277,5,5
278,1,1
279,5,5
280,5,0
281,5,4
282,5,5
283,5,5
284,1,1
285,1,1
286,2,2
287,2,3
288,5,4
289,1,1
290,1,1
291,5,4
292,5,5
293,5,5
294,5,4
295,5,5
296,1,4
297,5,5
298,5,5
299,5,5
300,1,1
301,1,1
302,1,1
303,5,5
304,1,1
305,1,5
306,1,1
307,5,5
308,1,1
309,1,1
310,5,3
311,1,1
312,5,5
313,5,4
314,5,5
315,2,2
316,5,3
317,5,5
318,5,5
319,1,1
320,1,1
321,2,2
322,5,5
323,5,5
324,5,5
325,5,4
326,5,0
327,5,4
328,1,1
329,5,4
330,5,3
331,5,5
332,5,5
333,1,0
334,5,5
335,5,4
336,1,1
337,5,5
338,1,1
339,1,1
340,5,5
341,5,5
342,5,5
343,5,5
344,2,2
345,1,1
346,5,0
347,5,5
348,5,5
349,1,1
350,5,5
351,1,1
352,1,1
353,5,5
354,5,4
355,5,5
356,5,0
357,2,2
358,5,0
359,1,1
360,1,1
361,5,3
362,5,4
363,1,1
364,5,5
365,1,5
366,1,1
367,1,1
368,5,5
369,1,1
370,1,1
371,2,2
372,5,5
373,5,5
374,5,4
375,5,5
376,5,5
377,1,4
378,1,1
379,5,1
380,5,5
381,1,1
382,2,2
383,1,1
384,5,5
385,1,1
386,1,1
387,1,1
388,5,5
389,1,1
390,5,5
391,5,5
392,2,3
393,2,2
394,5,4
395,1,0
396,2,2
397,5,4
398,5,5
399,1,1
400,5,5
401,5,5
402,1,1
403,2,2
404,2,3
405,5,0
406,5,5
407,1,1
408,1,1
409,5,5
410,1,5
411,5,0
412,2,3
413,1,1
414,1,1
415,5,1
416,5,5
417,5,5
418,1,1
419,5,5
420,1,1
421,5,4
422,5,4
423,1,1
424,5,5
425,5,5
426,5,5
427,1,1
428,5,5
429,5,5
430,1,1
431,1,1
432,5,0
433,1,1
434,5,5
435,1,1
436,5,5
437,5,5
438,5,2
439,1,1
440,5,0
441,1,1
442,5,0
443,5,0
444,5,0
445,5,0
446,1,1
447,2,2
448,5,5
449,5,5
450,5,3
451,1,1
452,1,1
453,5,5
454,5,5
455,1,1
456,1,1
457,1,1
458,1,1
459,1,1
460,5,4
461,5,5
462,1,1
463,5,5
464,5,0
465,5,0
466,5,5
467,5,0
468,5,5
469,1,1
470,1,1
471,1,4
472,5,0
473,1,1
474,1,1
475,5,5
476,5,0
477,1,1
478,1,1
479,5,4
480,5,5
481,5,5
482,1,1
483,1,1
484,1,1
485,2,2
486,5,5
487,5,5
488,1,1
489,2,4
490,1,1
491,1,1
492,5,0
493,5,5
494,2,2
495,5,5
496,5,4
497,5,5
498,5,5
499,2,2
500,5,5
501,2,2
502,5,5
503,1,1
504,5,1
505,1,1
506,5,3
507,5,5
508,2,2
509,5,0
510,5,5
511,5,5
512,1,1
513,1,1
514,5,0
515,5,0
516,5,5
517,2,2
518,5,5
519,5,5
520,5,0
521,5,0
522,1,1
523,5,5
524,1,1
525,5,4
526,1,1
527,5,5
528,5,5
529,1,1
530,1,1
531,1,1
532,5,0
533,5,2
534,1,1
535,5,5
536,1,1
537,1,1
538,1,1
539,5,5
540,3,3
541,1,1
542,5,5
543,5,5
544,1,1
545,2,3
546,1,1
547,1,1
548,1,1
549,5,5
550,5,4
551,5,4
552,5,5
553,5,1
554,5,5
555,5,5
556,5,4
557,5,5
558,1,1
559,5,5
560,1,1
561,5,4
562,1,1
563,5,1
564,5,0
565,5,5
566,1,1
567,5,4
568,1,0
569,5,5
570,2,2
571,5,5
572,5,5
573,5,5
574,5,5
575,5,5
576,1,0
577,5,0
578,1,1
579,5,5
580,5,4
581,5,5
582,1,1
583,5,5
584,5,5
585,1,1
586,5,5
587,1,1
588,5,5
589,1,1
590,5,0
591,5,5
592,5,5
593,1,1
594,5,5
595,5,4
596,5,5
597,5,0
598,1,1
599,1,1
600,5,5
601,1,1
602,5,4
603,5,5
604,5,5
605,5,5
606,5,5
607,5,0
608,5,5
609,5,0
610,1,1
611,1,1
612,5,5
613,2,3
614,1,1
615,5,5
616,1,1
617,1,1
618,2,2
619,5,5
620,5,5
621,2,2
622,1,1
623,1,1
624,1,1
625,5,5
626,5,5
627,5,5
628,1,1
629,5,5
630,5,5
631,1,1
632,1,1
633,5,5
634,5,5
635,5,5
636,5,5
637,4,0
638,5,0
639,5,5
640,1,1
641,1,1
642,1,4
643,2,2
644,5,5
645,1,1
646,5,5
647,5,5
648,5,5
649,5,5
650,5,5
651,5,4
652,5,5
653,1,4
654,5,4
655,5,4
656,5,5
657,1,1
658,5,5
659,5,5
660,5,5
661,1,1
662,1,1
663,1,1
664,5,3
665,1,1
666,1,5
667,5,4
668,1,1
669,1,1
670,5,4
671,5,5
672,5,4
673,5,5
674,5,5
675,1,1
676,5,0
677,1,1
678,1,1
679,5,5
680,5,5
681,5,0
682,5,4
683,2,2
684,1,1
685,5,5
686,1,1
687,5,5
688,5,5
689,5,5
690,5,5
691,2,4
692,5,5
693,3,3
694,5,4
695,1,1
696,1,1
697,2,5
698,1,1
699,5,4
700,5,5
701,5,5
702,5,4
703,1,1
704,1,0
705,1,1
706,5,4
707,5,0
708,1,1
709,5,0
710,2,2
711,5,5
712,1,1
713,1,1
714,1,1
715,5,5
716,5,5
717,5,5
718,5,5
719,1,1
720,1,1
721,5,5
722,1,1
723,5,5
724,5,5
725,5,5
726,1,1
727,5,5
728,5,5
729,5,4
730,5,5
731,5,5
732,2,2
733,5,5
734,5,5
735,5,5
736,2,2
737,2,2
738,5,5
739,5,5
740,1,1
741,5,4
742,5,4
743,5,5
744,5,5
745,5,5
746,5,4
747,5,5
748,2,2
749,1,1
750,1,1
751,5,5
752,5,4
753,1,1
754,5,0
755,1,1
756,5,5
757,5,5
758,5,5
759,1,1
760,2,2
761,1,1
762,5,5
763,5,5
764,5,5
765,5,0
766,5,5
767,5,0
768,5,5
769,5,4
770,5,5
771,5,5
772,5,5
773,1,1
774,5,5
775,2,5
776,5,5
777,1,1
778,5,5
779,5,5
780,5,4
781,1,1
782,5,4
783,5,5
784,5,0
785,1,1
786,5,5
787,1,1
788,5,5
789,1,1
790,1,1
791,1,1
792,5,4
793,5,0
794,5,5
795,1,1
796,5,5
797,1,1
798,5,5
799,2,2
800,5,5
801,5,0
802,5,5
803,5,0
804,5,5
805,5,5
806,5,5
807,1,1
808,5,5
809,1,1
810,5,3
811,1,1
812,5,3
813,2,2
814,5,5
815,1,4
816,5,5
817,5,5
818,5,5
819,5,5
820,1,1
821,5,5
822,5,5
823,1,1
824,1,5
825,5,4
826,1,1
827,1,1
828,5,0
829,1,1
830,1,1
831,5,5
832,5,0
833,1,1
834,1,1
835,1,1
836,1,1
837,5,3
838,5,5
839,5,1
840,5,5
841,1,1
842,5,5
843,1,1
844,1,1
845,5,5
846,5,0
847,5,4
848,5,5
849,1,1
850,5,5
851,1,1
852,1,1
853,5,5
854,5,5
855,5,5
856,5,3
857,5,5
858,5,3
859,5,5
860,5,0
861,1,1
862,5,5
863,5,5
864,1,1
865,5,5
866,5,5
867,5,4
868,5,5
869,1,1
870,1,1
871,5,0
872,1,1
873,5,4
874,1,1
875,5,5
876,5,5
877,1,1
878,5,4
879,1,1
880,1,1
881,5,0
882,2,3
883,2,2
884,5,5
885,5,0
886,5,5
887,5,3
888,5,2
889,1,1
890,5,5
891,1,1
892,5,5
893,1,1
894,5,5
895,2,2
896,1,1
897,1,4
898,1,1
899,5,0
900,1,1
901,5,5
902,1,1
903,5,5
904,5,5
905,2,2
906,5,5
907,1,1
908,5,5
909,1,4
910,5,4
911,1,1
912,2,2
913,5,0
914,5,5
915,5,5
916,5,5
917,1,1
918,5,5
919,1,1
920,1,1
921,5,5
922,5,5
923,2,2
924,5,5
925,1,1
926,0,0
927,5,0
928,5,5
929,5,5
930,1,1
931,5,5
932,1,1
933,5,0
934,5,0
935,5,5
936,5,4
937,1,1
938,5,5
939,5,5
940,1,0
941,5,5
942,1,1
943,5,5
944,5,5
945,5,0
946,1,1
947,5,5
948,5,5
949,5,5
950,5,0
951,5,5
952,5,4
953,5,0
954,5,1
955,2,3
956,1,1
957,5,4
958,5,4
959,5,4
960,5,3
961,5,5
962,5,4
963,1,1
964,1,1
965,1,4
966,5,2
967,5,4
968,5,4
969,1,1
970,5,5
971,5,4
972,5,5
973,1,1
974,2,2
975,5,5
976,5,5
977,1,1
978,5,5
979,5,5
980,5,4
981,5,5
982,5,5
983,5,3
984,5,5
985,5,5
986,5,4
987,5,5
988,1,4
989,2,2
990,5,5
991,5,5
992,5,5
993,5,5
994,5,5
995,5,5
996,5,5
997,2,2
998,1,1
999,5,5
1000,1,1
1001,5,3
1002,1,1
1003,5,4
1004,5,2
1005,5,5
1006,5,5
1007,1,1
1008,5,5
1009,5,5
1010,1,1
1011,5,5
1012,1,4
1013,5,5
1014,5,4
1015,1,1
1016,5,4
1017,1,1
1018,1,1
1019,1,1
1020,5,5
1021,1,3
1022,5,5
1023,5,5
1024,5,0
1025,5,5
1026,5,4
1027,1,1
1028,1,1
1029,5,0
1030,5,5
1031,5,0
1032,5,5
1033,1,5
1034,5,5
1035,2,5
1036,5,0
1037,1,1
1038,5,4
1039,2,3
1040,5,3
1041,5,4
1042,1,1
1043,5,2
1044,2,2
1045,5,5
1046,1,5
1047,5,5
1048,1,4
1049,1,1
1050,5,5
1051,5,5
1052,1,1
1053,5,5
1054,1,1
1055,1,1
1056,5,4
1057,5,0
1058,1,1
1059,5,5
1060,5,4
1061,1,4
1062,5,5
1063,5,5
1064,5,5
1065,1,1
1066,1,1
1067,1,1
1068,5,0
1069,5,3
1070,5,5
1071,1,1
1072,5,5
1073,5,5
1074,5,4
1075,5,5
1076,1,1
1077,2,2
1078,5,0
1079,2,5
1080,5,5
1081,5,5
1082,5,5
1083,5,0
1084,5,5
1085,5,4
1086,5,4
1087,1,1
1088,5,5
1089,1,1
1090,5,5
1091,1,1
1092,2,2
1093,5,5
1094,5,0
1095,5,5
1096,5,4
1097,1,1
1098,5,5
1099,5,5
1100,5,5
1101,1,1
1102,5,4
1103,1,1
1104,5,5
1105,1,1
1106,5,5
1107,5,5
1108,4,0
1109,5,0
1110,5,5
1111,5,5
1112,1,1
1113,5,3
1114,5,5
1115,1,1
1116,5,5
1117,5,4
1118,5,5
1119,5,4
1120,1,1
1121,5,0
1122,2,5
1123,5,0
1124,5,0
1125,5,4
1126,5,3
1127,1,1
1128,1,4
1129,5,0
1130,5,5
1131,1,1
1132,1,1
1133,5,5
1134,5,4
1135,1,1
1136,5,0
1137,2,3
1138,5,5
1139,5,5
1140,1,1
1141,1,1
1142,5,5
1143,5,0
1144,5,5
1145,5,5
1146,5,4
1147,5,4
1148,1,1
1149,5,1
1150,2,3
1151,5,5
1152,5,5
1153,5,5
1154,5,4
1155,1,1
1156,5,5
1157,5,5
1158,1,1
1159,1,1
1160,5,0
1161,5,5
1162,5,5
1163,5,5
1164,2,2
1165,5,5
1166,5,5
1167,1,1
1168,5,5
1169,1,1
1170,5,5
1171,5,0
1172,5,5
1173,5,4
1174,1,1
1175,1,1
1176,5,5
1177,1,1
1178,0,4
1179,1,1
1180,2,2
1181,5,5
1182,1,1
1183,5,5
1184,5,5
1185,1,1
1186,5,5
1187,1,1
1188,5,0
1189,5,5
1190,5,4
1191,1,5
1192,5,5
1193,5,4
1194,2,2
1195,1,1
1196,1,1
1197,2,2
1198,5,5
1199,5,4
1200,5,4
1201,1,1
1202,5,5
1203,5,4
1204,5,5
1205,5,5
1206,5,5
1207,1,1
1208,5,5
1209,5,5
1210,5,5
1211,5,5
1212,5,5
1213,5,0
1214,5,5
1215,5,5
1216,2,2
1217,5,5
1218,5,0
1219,5,5
1220,1,1
1221,1,1
1222,1,1
1223,5,0
1224,5,5
1225,1,1
1226,1,1
1227,5,5
1228,2,2
1229,5,5
1230,2,2
1231,1,1
1232,5,4
1233,1,1
1234,5,0
1235,5,5
1236,5,5
1237,5,3
1238,1,1
1239,5,5
1240,5,4
1241,5,5
1242,5,4
1243,5,0
1244,5,5
1245,1,1
1246,1,1
1247,1,1
1248,5,2
1249,5,5
1250,1,0
1251,5,0
1252,1,1
1253,1,1
1254,5,5
1255,1,5
1256,5,0
1257,1,1
1258,5,4
1259,5,5
1260,1,1
1261,5,5
1262,1,1
1263,5,5
1264,5,5
1265,1,1
1266,1,1
1267,5,5
1268,5,4
1269,5,5
1270,1,1
1271,5,5
1272,5,1
1273,1,4
1274,1,1
1275,5,5
1276,1,1
1277,1,1
1278,5,5
1279,5,1
1280,5,0
1281,5,5
1282,3,3
1283,1,1
1284,5,5
1285,5,4
1286,1,1
1287,5,4
1288,1,1
1289,1,4
1290,1,1
1291,2,5
1292,5,4
1293,1,1
1294,5,4
1295,5,0
1296,5,3
1297,1,1
1298,1,0
1299,5,0
1300,1,1
1301,5,5
1302,1,1
1303,1,1
1304,5,5
1305,5,5
1306,5,4
1307,1,0
1308,5,4
1309,5,0
1310,1,1
1311,5,5
1312,1,1
1313,5,5
1314,5,5
1315,5,5
1316,5,0
1317,1,1
1318,1,1
1319,1,1
1320,5,5
1321,5,5
1322,5,5
1323,5,5
1324,5,5
1325,3,3
1326,5,5
1327,5,4
1328,5,4
1329,2,3
1330,5,4
1331,5,4
1332,2,2
1333,1,1
1334,5,5
1335,2,2
1336,5,5
1337,5,5
1338,1,0
1339,5,5
1340,5,5
1341,5,5
1342,5,5
1343,1,1
1344,5,5
1345,5,4
1346,5,0
1347,5,0
1348,1,1
1349,1,1
1350,5,5
1351,5,5
1352,5,5
1353,1,1
1354,2,3
1355,5,4
1356,5,5
1357,5,5
1358,5,5
1359,1,4
1360,5,0
1361,2,2
1362,5,5
1363,5,1
1364,1,4
1365,5,1
1366,5,5
1367,5,5
1368,1,1
1369,5,2
1370,5,5
1371,5,5
1372,5,5
1373,5,4
1374,1,1
1375,5,4
1376,1,1
1377,5,5
1378,5,4
1379,5,0
1380,1,1
1381,1,1
1382,5,5
1383,1,1
1384,1,1
1385,5,5
1386,1,1
1387,1,1
1388,5,4
1389,1,1
1390,1,1
1391,1,1
1392,1,1
1393,5,5
1394,1,1
1395,5,5
1396,5,5
1397,2,3
1398,5,4
1399,1,4
1400,1,1
1401,5,5
1402,1,1
1403,5,5
1404,1,1
1405,5,5
1406,5,5
1407,5,0
1408,5,4
1409,5,5
1410,2,3
1411,1,1
1412,1,1
1413,1,0
1414,5,5
1415,1,1
1416,5,2
1417,5,3
1418,1,1
1419,5,4
1420,5,5
1421,5,5
1422,1,1
1423,5,5
1424,5,5
1425,5,5
1426,1,1
1427,5,5
1428,1,4
1429,5,5
1430,2,2
1431,5,4
1432,1,1
1433,5,5
1434,5,0
1435,1,1
1436,1,1
1437,5,5
1438,5,4
1439,1,1
1440,1,1
1441,5,3
1442,5,4
1443,1,1
1444,5,5
1445,2,2
1446,1,1
1447,5,5
1448,1,1
1449,1,1
1450,5,5
1451,1,1
1452,5,5
1453,5,5
1454,1,1
1455,5,0
1456,1,1
1457,5,4
1458,1,1
1459,5,5
1460,2,3
1461,5,5
1462,2,2
1463,1,1
1464,2,2
1465,1,1
1466,1,1
1467,1,1
1468,5,5
1469,5,5
1470,5,3
1471,5,5
1472,1,1
1473,1,1
1474,5,5
1475,1,1
1476,2,2
1477,5,5
1478,5,5
1479,5,5
1480,5,5
1481,5,3
1482,5,5
1483,5,4
1484,1,1
1485,1,1
1486,5,0
1487,1,4
1488,5,0
1489,2,3
1490,1,1
1491,5,2
1492,1,0
1493,5,5
1494,5,4
1495,1,1
1496,5,5
1497,5,5
1498,5,0
1499,5,5
1500,5,4
1501,1,1
1502,5,5
1503,5,5
1504,5,5
1505,5,0
1506,1,5
1507,5,5
1508,5,5
1509,5,5
1510,1,1
1511,5,5
1512,5,4
1513,1,1
1514,5,3
1515,2,2
1516,1,1
1517,5,4
1518,5,5
1519,5,5
1520,5,5
1521,5,5
1522,5,4
1523,2,2
1524,5,3
1525,5,5
1526,5,5
1527,5,5
1528,5,5
1529,5,5
1530,1,1
1531,5,5
1532,1,1
1533,5,5
1534,1,1
1535,5,5
1536,1,1
1537,5,2
1538,1,1
1539,1,1
1540,2,2
1541,5,5
1542,5,5
1543,2,2
1544,5,4
1545,5,5
1546,5,3
1547,1,1
1548,1,0
1549,5,0
1550,5,1
1551,5,0
1552,5,4
1553,2,2
1554,2,4
1555,5,1
1556,5,5
1557,1,4
1558,5,5
1559,5,5
1560,5,5
1561,5,4
1562,5,0
1563,5,5
1564,2,4
1565,1,1
1566,1,1
1567,5,5
1568,1,1
1569,1,1
1570,1,1
1571,5,1
1572,5,0
1573,2,2
1574,5,5
1575,5,5
1576,1,1
1577,2,2
1578,5,4
1579,1,1
1580,5,5
1581,1,1
1582,5,5
1583,1,1
1584,5,4
1585,1,1
1586,1,1
1587,2,2
1588,5,5
1589,5,5
1590,5,5
1591,5,5
1592,1,1
1593,5,5
1594,1,1
1595,5,5
1596,5,0
1597,1,1
1598,1,1
1599,1,1
1600,1,1
1601,2,2
1602,1,1
1603,5,5
1604,1,1
1605,5,5
1606,5,5
1607,5,4
1608,5,5
1609,1,1
1610,2,2
1611,1,1
1612,1,1
1613,5,5
1614,5,4
1615,1,1
1616,1,1
1617,5,5
1618,1,1
1619,1,1
1620,5,4
1621,1,1
1622,5,4
1623,5,5
1624,1,1
1625,5,5
1626,1,1
1627,1,1
1628,5,0
1629,5,5
1630,1,1
1631,5,5
1632,1,1
1633,5,5
1634,2,2
1635,5,5
1636,5,5
1637,5,5
1638,5,5
1639,1,1
1640,5,5
1641,5,0
1642,5,5
1643,5,5
1644,5,0
1645,5,5
1646,1,1
1647,5,5
1648,5,5
1649,5,5
1650,2,2
1651,5,5
1652,5,5
1653,5,4
1654,5,5
1655,5,5
1656,1,1
1657,5,5
1658,1,1
1659,5,5
1660,5,5
1661,2,3
1662,5,5
1663,5,0
1664,5,5
1665,1,1
1666,1,1
1667,2,2
1668,5,5
1669,5,0
1670,5,5
1671,5,5
1672,5,4
1673,5,0
1674,1,1
1675,5,4
1676,5,5
1677,2,2
1678,1,1
1679,1,1
1680,5,4
1681,5,5
1682,5,5
1683,5,4
1684,1,1
1685,1,1
1686,1,1
1687,5,5
1688,2,2
1689,5,0
1690,5,5
1691,5,5
1692,1,1
1693,2,2
1694,5,5
1695,5,1
1696,5,5
1697,1,1
1698,1,1
1699,5,5
1700,5,0
1701,1,1
1702,2,2
1703,1,1
1704,1,1
1705,1,1
1706,5,4
1707,1,1
1708,5,5
1709,5,5
1710,5,5
1711,1,1
1712,5,4
1713,5,4
1714,5,0
1715,5,5
1716,5,5
1717,5,5
1718,2,2
1719,5,4
1720,2,3
1721,5,1
1722,1,1
1723,1,1
1724,5,5
1725,1,1
1726,5,5
1727,5,5
1728,1,1
1729,5,5
1730,5,5
1731,5,5
1732,5,5
1733,5,3
1734,5,0
1735,5,5
1736,5,3
1737,5,5
1738,5,3
1739,2,2
1740,5,5
1741,5,5
1742,5,5
1743,1,1
1744,5,0
1745,5,0
1746,1,1
1747,5,5
1748,5,5
1749,5,5
1750,1,1
1751,5,0
1752,5,5
1753,5,5
1754,5,0
1755,1,1
1756,5,5
1757,5,5
1758,5,5
1759,1,4
1760,1,1
1761,1,1
1762,1,1
1763,5,5
1764,5,0
1765,5,0
1766,5,5
1767,1,1
1768,5,5
1769,2,3
1770,5,4
1771,5,4
1772,1,1
1773,1,1
1774,1,1
1775,1,1
1776,1,1
1777,5,5
1778,5,5
1779,5,4
1780,1,1
1781,5,5
1782,1,1
1783,1,1
1784,5,5
1785,1,1
1786,5,5
1787,5,5
1788,1,1
1789,1,1
1790,5,5
1791,5,0
1792,5,5
1793,2,2
1794,0,0
1795,5,5
1796,5,5
1797,1,1
1798,5,0
1799,5,5
1800,1,5
1801,1,1
1802,1,1
1803,5,5
1804,5,4
1805,5,4
1806,5,5
1807,1,1
1808,1,1
1809,5,5
1810,1,1
1811,5,2
1812,5,5
1813,5,5
1814,1,4
1815,5,5
1816,5,5
1817,5,0
1818,5,3
1819,5,2
1820,3,3
1821,5,5
1822,5,5
1823,5,5
1824,5,5
1825,5,1
1826,1,1
1827,5,5
1828,5,0
1829,5,0
1830,5,1
1831,5,0
1832,1,1
1833,5,5
1834,5,5
1835,2,2
1836,2,3
1837,5,5
1838,5,5
1839,1,4
1840,5,5
1841,1,1
1842,1,4
1843,5,5
1844,5,0
1845,5,5
1846,1,1
1847,1,1
1848,5,5
1849,5,2
1850,5,5
1851,4,0
1852,1,1
1853,5,0
1854,1,1
1855,5,4
1856,5,4
1857,1,1
1858,1,1
1859,5,4
1860,1,1
1861,5,5
1862,5,5
1863,1,1
1864,5,4
1865,5,5
1866,1,0
1867,1,1
1868,2,2
1869,5,5
1870,2,3
1871,1,1
1872,2,2
1873,1,1
1874,1,1
1875,1,1
1876,1,1
1877,2,2
1878,5,4
1879,1,1
1880,5,0
1881,5,0
1882,5,5
1883,3,3
1884,5,5
1885,5,5
1886,1,1
1887,5,5
1888,5,5
1889,1,4
1890,5,5
1891,2,4
1892,5,0
1893,1,1
1894,1,1
1895,5,0
1896,5,5
1897,5,5
1898,1,1
1899,1,1
1900,1,4
1901,5,4
1902,5,4
1903,5,5
1904,5,5
1905,1,1
1906,5,0
1907,1,1
1908,1,1
1909,5,5
1910,1,1
1911,2,3
1912,5,5
1913,2,2
1914,2,2
1915,1,1
1916,2,2
1917,5,0
1918,2,5
1919,1,1
1920,5,4
1921,5,5
1922,1,1
1923,5,5
1924,5,5
1925,1,1
1926,5,5
1927,5,5
1928,5,5
1929,5,5
1930,2,3
1931,5,5
1932,1,0
1933,5,4
1934,1,1
1935,5,5
1936,5,3
1937,5,4
1938,5,5
1939,5,0
1940,5,4
1941,5,4
1942,5,4
1943,2,5
1944,5,5
1945,2,2
1946,5,0
1947,5,4
1948,5,5
1949,2,4
1950,5,5
1951,1,1
1952,1,1
1953,5,4
1954,1,1
1955,5,4
1956,5,3
1957,1,1
1958,2,5
1959,1,0
1960,5,5
1961,5,5
1962,5,5
1963,5,5
1964,5,5
1965,1,1
1966,1,1
1967,5,4
1968,5,5
1969,2,2
1970,1,1
1971,1,1
1972,5,5
1973,5,0
1974,1,1
1975,5,5
1976,5,5
1977,5,0
1978,5,5
1979,0,0
1980,5,5
1981,5,4
1982,5,0
1983,1,1
1984,5,5
1985,5,0
1986,5,5
1987,5,5
1988,1,1
1989,1,1
1990,5,0
1991,5,5
1992,5,5
1993,1,1
1994,5,4
1995,1,1
1996,5,4
1997,5,5
1998,5,3
1999,5,5
2000,5,5
2001,5,4
2002,1,1
2003,1,1
2004,1,1
2005,2,2
2006,1,1
2007,5,5
2008,1,1
2009,5,0
2010,5,5
2011,5,5
2012,5,5
2013,5,5
2014,1,1
2015,1,1
2016,5,5
2017,5,5
2018,5,5
2019,5,0
2020,5,5
2021,1,1
2022,1,1
2023,5,5
2024,5,4
2025,5,5
2026,2,3
2027,1,1
2028,5,5
2029,5,5
2030,5,5
2031,1,1
2032,5,0
2033,5,5
2034,1,4
2035,1,1
2036,5,4
2037,1,1
2038,5,5
2039,5,5
2040,5,0
2041,5,3
2042,1,1
2043,5,5
2044,5,5
2045,5,5
2046,5,5
2047,1,1
2048,1,1
2049,5,5
2050,1,1
2051,5,4
2052,5,5
2053,5,5
2054,5,5
2055,5,0
2056,5,3
2057,1,1
2058,5,5
2059,5,5
2060,5,5
2061,2,2
2062,5,5
2063,1,1
2064,5,0
2065,1,1
2066,1,1
2067,1,1
2068,5,5
2069,5,5
2070,1,1
2071,1,1
2072,1,1
2073,1,1
2074,5,5
2075,5,5
2076,1,1
2077,1,1
2078,1,1
2079,1,1
2080,5,4
2081,1,1
2082,1,1
2083,5,5
2084,1,1
2085,5,3
2086,5,4
2087,5,5
2088,3,3
2089,5,0
2090,1,1
2091,1,1
2092,5,5
2093,2,2
2094,1,1
2095,5,4
2096,1,1
2097,5,5
2098,5,5
2099,1,1
2100,5,5
2101,2,4
2102,5,5
2103,5,5
2104,5,4
2105,1,1
2106,5,0
2107,5,5
2108,5,0
2109,1,1
2110,1,1
2111,1,1
2112,1,1
2113,5,5
2114,2,2
2115,5,4
2116,1,1
2117,5,5
2118,1,1
2119,5,5
2120,5,5
2121,2,2
2122,1,1
2123,1,5
2124,5,5
2125,5,5
2126,5,5
2127,5,0
2128,1,1
2129,5,4
2130,5,5
2131,5,5
2132,2,2
2133,5,0
2134,1,1
2135,1,1
2136,5,5
2137,5,5
2138,1,1
2139,5,0
2140,5,5
2141,1,1
2142,5,0
2143,5,5
2144,5,4
2145,5,4
2146,5,5
2147,5,5
2148,5,5
2149,1,1
2150,5,4
2151,5,2
2152,5,5
2153,1,1
2154,5,0
2155,5,5
2156,5,5
2157,5,5
2158,5,4
2159,1,1
2160,5,0
2161,1,1
2162,5,3
2163,5,4
2164,1,1
2165,1,1
2166,3,3
2167,5,1
2168,1,1
2169,5,5
2170,1,1
2171,5,4
2172,5,5
2173,1,5
2174,5,5
2175,2,2
2176,5,5
2177,5,4
2178,5,5
2179,5,5
2180,1,1
2181,1,1
2182,5,5
2183,1,1
2184,1,1
2185,5,0
2186,5,5
2187,1,1
2188,5,5
2189,5,3
2190,1,5
2191,1,4
2192,5,5
2193,1,1
2194,1,1
2195,5,5
2196,5,5
2197,1,1
2198,5,5
2199,5,4
2200,1,1
2201,5,5
2202,1,1
2203,1,1
2204,5,5
2205,1,1
2206,5,4
2207,1,5
2208,5,4
2209,5,5
2210,5,5
2211,1,1
2212,5,5
2213,5,4
2214,5,5
2215,1,1
2216,5,3
2217,5,5
2218,5,4
2219,5,4
2220,5,5
2221,5,5
2222,1,1
2223,5,4
2224,5,5
2225,5,3
2226,5,5
2227,1,1
2228,1,1
2229,1,0
2230,5,4
2231,5,5
2232,5,5
2233,1,1
2234,5,4
2235,5,4
2236,1,1
2237,1,1
2238,2,2
2239,5,5
2240,5,5
2241,5,5
2242,1,1
2243,5,5
2244,5,0
2245,1,1
2246,5,5
2247,5,4
2248,5,5
2249,1,1
2250,2,2
2251,5,5
2252,5,1
2253,5,5
2254,5,3
2255,5,5
2256,5,5
2257,5,5
2258,5,5
2259,5,5
2260,5,5
2261,1,1
2262,1,1
2263,1,1
2264,5,5
2265,5,5
2266,5,5
2267,2,3
2268,2,2
2269,1,1
2270,1,1
2271,5,4
2272,5,5
2273,5,5
2274,5,5
2275,5,0
2276,5,5
2277,5,4
2278,5,5
2279,5,3
2280,5,0
2281,5,3
2282,1,1
2283,5,5
2284,1,1
2285,2,2
2286,5,5
2287,5,5
2288,1,1
2289,5,5
2290,1,1
2291,1,1
2292,5,5
2293,5,0
2294,5,5
2295,1,1
2296,5,0
2297,5,4
2298,1,1
2299,5,0
2300,5,5
2301,5,5
2302,1,1
2303,5,5
2304,1,1
2305,5,5
2306,1,1
2307,5,5
2308,5,4
2309,1,1
2310,5,5
2311,5,5
2312,1,1
2313,1,1
2314,1,1
2315,1,1
2316,1,1
2317,2,4
2318,5,0
2319,1,1
2320,5,5
2321,1,1
2322,5,4
2323,1,1
2324,5,3
2325,5,5
2326,5,5
2327,5,4
2328,5,4
2329,5,5
2330,5,5
2331,5,5
2332,2,2
2333,1,1
2334,2,4
2335,5,5
2336,5,5
2337,2,2
2338,1,1
2339,5,5
2340,2,3
2341,5,0
2342,1,1
2343,5,4
2344,1,1
2345,1,1
2346,1,1
2347,5,5
2348,1,1
2349,5,5
2350,1,1
2351,5,5
2352,1,1
2353,1,1
2354,1,1
2355,5,5
2356,1,1
2357,5,0
2358,2,2
2359,5,4
2360,5,5
2361,5,0
2362,5,5
2363,1,1
2364,1,1
2365,5,5
2366,5,0
2367,5,5
2368,5,5
2369,5,5
2370,5,1
2371,5,5
2372,4,0
2373,1,1
2374,5,0
2375,5,1
2376,5,0
2377,5,1
2378,5,1
2379,5,5
2380,5,4
2381,1,1
2382,2,2
2383,5,5
2384,5,5
2385,5,4
2386,5,5
2387,1,1
2388,5,1
2389,5,5
2390,1,1
2391,1,1
2392,1,1
2393,1,1
2394,5,5
2395,1,4
2396,5,0
2397,1,1
2398,1,1
2399,1,1
2400,5,5
2401,1,1
2402,5,5
2403,2,2
2404,1,0
2405,2,2
2406,5,5
2407,1,1
2408,1,1
2409,1,1
2410,1,1
2411,5,5
2412,5,4
2413,2,2
2414,5,5
2415,5,5
2416,1,1
2417,5,5
2418,5,5
2419,5,3
2420,5,5
2421,1,1
2422,1,1
2423,1,1
2424,5,0
2425,5,0
2426,5,3
2427,2,3
2428,5,5
2429,5,0
2430,5,5
2431,5,5
2432,5,4
2433,5,4
2434,5,3
2435,5,5
2436,5,5
2437,1,1
2438,5,5
2439,1,1
2440,1,1
2441,5,3
2442,1,4
2443,5,4
2444,5,1
2445,5,5
2446,5,5
2447,5,3
2448,5,0
2449,1,1
2450,1,1
2451,5,5
2452,1,1
2453,5,3
2454,5,5
2455,5,5
2456,1,1
2457,5,5
2458,1,1
2459,5,5
2460,1,1
2461,5,5
2462,1,1
2463,5,5
2464,5,0
2465,5,5
2466,5,0
2467,5,5
2468,2,2
2469,1,1
2470,5,5
2471,5,5
2472,1,1
2473,5,5
2474,5,4
2475,5,0
2476,5,5
2477,5,0
2478,5,5
2479,1,4
2480,5,5
2481,5,5
2482,5,3
2483,5,5
2484,1,4
2485,5,0
2486,5,4
2487,2,0
2488,2,3
2489,1,1
2490,5,5
2491,1,1
2492,5,5
2493,2,2
2494,1,1
2495,5,5
2496,2,2
2497,5,5
2498,1,1
2499,2,3
2500,5,3
2501,1,1
2502,5,5
2503,1,1
2504,5,1
2505,2,3
2506,2,2
2507,0,0
2508,5,3
2509,5,2
2510,1,1
2511,5,4
2512,5,5
2513,5,4
2514,5,5
2515,1,4
2516,5,5
2517,5,0
2518,2,3
2519,5,5
2520,1,1
2521,5,5
2522,1,1
2523,5,4
2524,5,5
2525,1,1
2526,1,1
2527,5,5
2528,5,5
2529,5,5
2530,1,1
2531,5,3
2532,5,5
2533,5,5
2534,5,5
2535,1,1
2536,5,5
2537,5,5
2538,2,4
2539,5,5
2540,2,3
2541,5,5
2542,5,5
2543,5,5
2544,1,4
2545,1,1
2546,5,5
2547,1,1
2548,1,1
2549,5,5
2550,5,5
2551,1,1
2552,5,5
2553,5,4
2554,2,2
2555,5,5
2556,5,5
2557,1,1
2558,1,1
2559,5,4
2560,5,4
2561,5,5
2562,5,4
2563,5,5
2564,1,1
2565,5,4
2566,5,4
2567,5,5
2568,1,1
2569,5,5
2570,5,5
2571,1,0
2572,5,5
2573,2,2
2574,5,5
2575,1,1
2576,2,2
2577,1,1
2578,1,1
2579,5,4
2580,5,5
2581,2,2
2582,5,5
2583,5,5
2584,1,1
2585,5,5
2586,1,1
2587,1,1
2588,1,1
2589,5,5
2590,5,0
2591,5,5
2592,2,2
2593,1,1
2594,5,5
2595,5,5
2596,4,4
2597,2,2
2598,5,5
2599,5,5
2600,1,1
2601,1,1
2602,5,5
2603,1,1
2604,5,4
2605,5,5
2606,5,5
2607,5,5
2608,5,5
2609,1,1
2610,5,1
2611,1,1
2612,5,5
2613,5,5
2614,2,2
2615,1,1
2616,1,1
2617,5,5
2618,2,2
2619,5,5
2620,5,5
2621,1,1
2622,5,4
2623,2,2
2624,5,5
2625,5,0
2626,1,1
2627,5,5
2628,1,1
2629,1,1
2630,5,4
2631,5,5
2632,1,1
2633,5,3
2634,1,1
2635,2,4
2636,1,1
2637,1,1
2638,1,1
2639,1,1
2640,1,1
2641,1,0
2642,5,5
2643,5,4
2644,5,5
2645,1,1
2646,5,5
2647,5,5
2648,1,1
2649,5,5
2650,5,0
2651,5,5
2652,5,3
2653,5,5
2654,1,1
2655,1,1
2656,1,4
2657,1,1
2658,2,2
2659,5,4
2660,5,5
2661,5,5
2662,5,5
2663,1,1
2664,1,1
2665,5,5
2666,1,1
2667,5,5
2668,1,1
2669,2,4
2670,5,5
2671,1,1
2672,1,0
2673,5,5
2674,5,5
2675,1,1
2676,1,1
2677,5,4
2678,5,4
2679,5,5
2680,5,5
2681,5,5
2682,5,5
2683,1,1
2684,1,1
2685,1,1
2686,1,1
2687,5,3
2688,1,1
2689,1,1
2690,5,5
2691,2,2
2692,5,5
2693,5,4
2694,1,1
2695,5,5
2696,1,1
2697,5,5
2698,5,0
2699,5,5
2700,1,1
2701,1,1
2702,1,1
2703,2,2
2704,1,1
2705,1,1
2706,2,2
2707,5,5
2708,5,5
2709,5,5
2710,5,5
2711,1,1
2712,5,5
2713,5,4
2714,5,5
2715,5,5
2716,5,5
2717,1,1
2718,5,5
2719,1,1
2720,5,5
2721,5,5
2722,1,1
2723,1,1
2724,2,3
2725,2,3
2726,5,4
2727,5,5
2728,1,1
2729,5,0
2730,1,1
2731,5,5
2732,5,2
2733,5,0
2734,5,3
2735,5,3
2736,1,1
2737,2,2
2738,5,4
2739,5,5
2740,5,4
2741,1,1
2742,5,4
2743,5,0
2744,5,0
2745,1,1
2746,5,5
2747,5,4
2748,1,1
2749,5,0
2750,5,5
2751,5,5
2752,5,3
2753,1,1
2754,1,0
2755,5,0
2756,1,1
2757,5,4
2758,1,1
2759,5,5
2760,5,4
2761,1,1
2762,5,5
2763,5,3
2764,1,1
2765,5,5
2766,1,1
2767,5,4
2768,5,5
2769,1,1
2770,2,2
2771,5,5
2772,1,1
2773,1,1
2774,2,2
2775,5,5
2776,5,4
2777,5,3
2778,1,1
2779,5,5
2780,5,5
2781,5,4
2782,1,1
2783,3,3
2784,5,5
2785,5,5
2786,5,4
2787,5,4
2788,1,1
2789,5,0
2790,2,2
2791,1,1
2792,5,5
2793,5,0
2794,5,5
2795,1,1
2796,5,4
2797,5,5
2798,2,2
2799,5,5
2800,1,1
2801,1,1
2802,5,4
2803,5,5
2804,2,4
2805,5,4
2806,1,1
2807,1,4
2808,5,5
2809,1,1
2810,1,1
2811,5,5
2812,1,4
2813,5,5
2814,5,1
2815,5,5
2816,1,1
2817,5,5
2818,5,5
2819,1,1
2820,5,5
2821,5,5
2822,5,5
2823,5,5
2824,5,5
2825,5,0
2826,1,1
2827,5,4
2828,1,1
2829,5,5
2830,5,5
2831,1,1
2832,5,5
2833,1,1
2834,5,5
2835,5,5
2836,1,1
2837,1,1
2838,5,0
2839,1,1
2840,5,0
2841,5,5
2842,5,5
2843,5,4
2844,1,1
2845,5,0
2846,1,1
2847,1,1
2848,5,0
2849,5,5
2850,5,4
2851,1,1
2852,5,3
2853,5,5
2854,5,5
2855,5,5
2856,5,0
2857,1,1
2858,5,5
2859,5,5
2860,5,0
2861,5,5
2862,5,5
2863,2,2
2864,1,1
2865,2,2
2866,1,1
2867,1,1
2868,5,5
2869,1,1
2870,1,1
2871,5,5
2872,5,5
2873,5,5
2874,5,3
2875,5,5
2876,5,3
2877,1,1
2878,5,0
2879,5,0
2880,2,2
2881,1,1
2882,5,5
2883,5,5
2884,1,1
2885,5,0
2886,1,4
2887,5,5
2888,5,5
2889,1,1
2890,5,0
2891,5,4
2892,5,5
2893,1,1
2894,2,2
2895,1,1
2896,5,0
2897,5,3
2898,5,5
2899,5,5
2900,5,3
2901,5,5
2902,1,1
2903,5,0
2904,1,5
2905,5,5
2906,5,4
2907,1,1
2908,5,4
2909,5,5
2910,5,3
2911,5,3
2912,1,1
2913,5,5
2914,1,1
2915,5,4
2916,1,1
2917,5,1
2918,5,5
2919,5,5
2920,5,5
2921,5,0
2922,5,5
2923,5,5
2924,5,0
2925,5,5
2926,1,1
2927,5,5
2928,5,4
2929,5,5
2930,5,0
2931,5,4
2932,5,4
2933,5,5
2934,1,1
2935,5,0
2936,2,0
2937,5,5
2938,5,5
2939,2,2
2940,1,1
2941,5,5
2942,5,5
2943,5,4
2944,5,0
2945,5,5
2946,1,1
2947,1,1
2948,5,5
2949,1,1
2950,1,1
2951,5,3
2952,5,5
2953,1,1
2954,5,5
2955,5,0
2956,5,5
2957,1,1
2958,1,1
2959,5,5
2960,5,5
2961,1,1
2962,1,1
2963,5,5
2964,1,1
2965,5,5
2966,1,1
2967,5,5
2968,1,1
2969,5,4
2970,5,4
2971,1,1
2972,5,5
2973,1,1
2974,5,5
2975,5,5
2976,1,1
2977,1,1
2978,5,5
2979,5,5
2980,5,5
2981,5,0
2982,1,1
2983,5,5
2984,5,5
2985,1,1
2986,5,4
2987,5,3
2988,5,5
2989,5,5
2990,5,5
2991,2,2
2992,5,0
2993,2,2
2994,5,4
2995,1,1
2996,1,1
2997,5,5
2998,5,3
2999,5,3
3000,5,2
3001,5,5
3002,1,1
3003,2,2
3004,5,5
3005,5,5
3006,5,5
3007,1,1
3008,5,5
3009,5,5
3010,5,5
3011,5,5
3012,5,3
3013,1,1
3014,2,2
3015,5,5
3016,5,5
3017,5,5
3018,5,2
3019,5,5
3020,5,5
3021,5,5
3022,5,5
3023,5,5
3024,5,5
3025,5,0
3026,5,1
3027,1,1
3028,5,4
3029,5,0
3030,5,0
3031,5,5
3032,1,1
3033,5,5
3034,5,3
3035,5,0
3036,5,5
3037,1,1
3038,1,1
3039,5,4
3040,5,5
3041,1,1
3042,1,1
3043,5,5
3044,5,0
3045,1,1
3046,5,5
3047,5,5
3048,5,0
3049,5,0
3050,5,5
3051,1,1
3052,1,4
3053,1,4
3054,1,1
3055,1,1
3056,1,1
3057,1,1
3058,1,1
3059,1,1
3060,5,3
3061,0,0
3062,5,5
3063,5,5
3064,5,5
3065,5,0
3066,1,1
3067,5,5
3068,5,5
3069,2,3
3070,1,1
3071,1,1
3072,1,1
3073,2,2
3074,5,5
3075,5,4
3076,5,5
3077,1,1
3078,1,1
3079,1,1
3080,2,3
3081,5,5
3082,1,1
3083,1,0
3084,1,1
3085,5,0
3086,5,5
3087,1,1
3088,5,5
3089,5,2
3090,1,1
3091,5,5
3092,5,5
3093,1,1
3094,1,1
3095,5,0
3096,5,5
3097,5,5
3098,1,1
3099,5,5
3100,5,5
3101,2,2
3102,5,0
3103,1,1
3104,5,4
3105,1,1
3106,1,1
3107,5,5
3108,1,1
3109,5,5
3110,5,0
3111,2,2
3112,1,1
3113,5,5
3114,5,5
3115,5,0
3116,2,2
3117,1,1
3118,1,1
3119,1,1
3120,1,1
3121,1,5
3122,0,4
3123,5,5
3124,1,1
3125,5,4
3126,5,4
3127,5,5
3128,5,5
3129,5,4
3130,5,5
3131,5,0
3132,2,2
3133,1,1
3134,1,1
3135,5,3
3136,1,1
3137,5,0
3138,5,3
3139,5,4
3140,5,5
3141,5,5
3142,5,3
3143,1,1
3144,5,5
3145,5,5
3146,5,4
3147,5,5
3148,5,3
3149,5,5
3150,5,0
3151,5,4
3152,5,0
3153,5,5
3154,1,1
3155,5,5
3156,5,5
3157,5,5
3158,5,5
3159,5,4
3160,5,5
3161,1,1
3162,1,1
3163,1,1
3164,5,2
3165,5,0
3166,1,1
3167,5,4
3168,1,1
3169,1,1
3170,1,0
3171,5,0
3172,1,1
3173,1,1
3174,5,5
3175,5,5
3176,5,5
3177,5,4
3178,1,1
3179,5,5
3180,5,4
3181,5,2
3182,5,5
3183,5,5
3184,1,1
3185,2,4
3186,1,1
3187,5,5
3188,5,5
3189,5,4
3190,5,0
3191,5,5
3192,5,5
3193,2,2
3194,1,1
3195,5,0
3196,5,5
3197,5,5
3198,1,1
3199,5,3
3200,5,5
3201,5,4
3202,1,1
3203,5,5
3204,5,5
3205,5,4
3206,1,1
3207,5,5
3208,1,1
3209,1,1
3210,5,5
3211,2,2
3212,1,1
3213,5,3
3214,5,5
3215,1,1
3216,2,2
3217,1,1
3218,1,1
3219,5,3
3220,5,5
3221,5,0
3222,1,1
3223,5,5
3224,3,3
3225,5,5
3226,5,0
3227,1,1
3228,1,1
3229,5,5
3230,5,5
3231,2,2
3232,5,0
3233,5,5
3234,1,1
3235,5,3
3236,5,4
3237,5,5
3238,1,1
3239,5,5
3240,5,0
3241,5,5
3242,5,4
3243,1,1
3244,5,5
3245,1,1
3246,5,5
3247,1,0
3248,5,5
3249,1,1
3250,5,5
3251,5,5
3252,2,4
3253,5,5
3254,5,5
3255,3,3
3256,5,0
3257,1,1
3258,1,1
3259,5,5
3260,1,4
3261,1,1
3262,1,1
3263,1,1
3264,5,5
3265,5,4
3266,2,2
3267,1,1
3268,5,5
3269,5,5
3270,5,0
3271,5,5
3272,1,1
3273,1,1
3274,5,5
3275,5,5
3276,5,5
3277,5,5
3278,5,5
3279,5,5
3280,5,5
3281,1,1
3282,2,2
3283,1,1
3284,1,1
3285,5,3
3286,1,1
3287,1,1
3288,1,1
3289,1,1
3290,5,5
3291,5,5
3292,5,5
3293,1,1
3294,1,1
3295,1,4
3296,5,5
3297,1,1
3298,1,1
3299,1,1
3300,5,5
3301,5,5
3302,1,1
3303,1,1
3304,1,1
3305,5,5
3306,1,1
3307,1,1
3308,1,1
3309,1,1
3310,5,0
3311,5,5
3312,1,1
3313,5,5
3314,5,0
3315,5,5
3316,1,1
3317,5,4
3318,5,5
3319,5,5
3320,1,1
3321,2,2
3322,5,4
3323,5,5
3324,1,1
3325,1,1
3326,5,0
3327,1,1
3328,1,1
3329,1,1
3330,1,1
3331,5,5
3332,5,5
3333,1,1
3334,1,1
3335,1,1
3336,5,3
3337,5,0
3338,1,1
3339,5,5
3340,5,5
3341,5,5
3342,5,5
3343,1,3
3344,1,1
3345,2,2
3346,5,5
3347,2,2
3348,1,1
3349,1,1
3350,5,4
3351,5,5
3352,2,2
3353,1,5
3354,5,5
3355,5,5
3356,5,0
3357,5,0
3358,5,5
3359,1,1
3360,5,5
3361,1,1
3362,5,5
3363,1,1
3364,5,0
3365,5,5
3366,5,5
3367,1,1
3368,5,5
3369,1,1
3370,2,2
3371,1,1
3372,5,0
3373,5,4
3374,5,5
3375,1,1
3376,5,2
3377,1,1
3378,5,5
3379,1,0
3380,5,5
3381,5,5
3382,1,1
3383,2,2
3384,4,0
3385,5,0
3386,1,0
3387,1,1
3388,1,0
3389,5,5
3390,5,5
3391,1,1
3392,5,4
3393,5,5
3394,5,5
3395,1,1
3396,1,1
3397,5,5
3398,5,0
3399,5,3
3400,5,0
3401,1,1
3402,5,5
3403,1,1
3404,1,1
3405,1,1
3406,2,2
3407,1,1
3408,5,5
3409,5,5
3410,5,5
3411,5,5
3412,1,1
3413,5,5
3414,5,0
3415,1,1
3416,5,4
3417,5,2
3418,1,1
3419,1,1
3420,5,5
3421,5,5
3422,5,0
3423,5,5
3424,5,4
3425,1,1
3426,1,1
3427,5,0
3428,5,5
3429,5,4
3430,5,4
3431,2,2
3432,5,5
3433,5,4
3434,5,5
3435,5,5
3436,2,2
3437,2,4
3438,2,0
3439,5,4
3440,2,2
3441,5,4
3442,5,0
3443,5,5
3444,5,3
3445,1,1
3446,5,5
3447,2,3
3448,1,1
3449,1,1
3450,5,5
3451,1,1
3452,5,4
3453,2,2
3454,1,1
3455,5,5
3456,2,3
3457,5,5
3458,5,5
3459,5,0
3460,1,1
3461,5,5
3462,5,1
3463,5,3
3464,5,5
3465,5,5
3466,5,5
3467,5,5
3468,5,4
3469,1,1
3470,1,1
3471,1,1
3472,5,5
3473,1,1
3474,5,3
3475,5,5
3476,5,4
3477,5,5
3478,5,3
3479,5,5
3480,5,1
3481,5,0
3482,5,5
3483,5,5
3484,5,4
3485,5,5
3486,1,1
3487,2,2
3488,2,2
3489,5,4
3490,5,5
3491,4,5
3492,1,1
3493,2,2
3494,1,1
3495,1,1
3496,1,1
3497,1,1
3498,1,1
3499,5,1
3500,5,5
3501,1,1
3502,5,4
3503,5,5
3504,1,1
3505,5,0
3506,1,1
3507,1,1
3508,1,1
3509,1,1
3510,5,5
3511,5,0
3512,5,4
3513,5,0
3514,5,5
3515,1,1
3516,5,5
3517,2,3
3518,5,5
3519,5,0
3520,5,5
3521,5,5
3522,1,4
3523,1,4
3524,5,5
3525,2,2
3526,1,1
3527,5,5
3528,5,4
3529,2,2
3530,5,5
3531,1,1
3532,1,1
3533,1,1
3534,5,4
3535,1,1
3536,1,1
3537,2,2
3538,1,1
3539,5,5
3540,1,1
3541,5,3
3542,5,5
3543,1,1
3544,5,5
3545,5,5
3546,5,5
3547,5,4
3548,1,1
3549,5,5
3550,5,5
3551,2,2
3552,5,5
3553,5,5
3554,5,5
3555,5,1
3556,5,0
3557,1,1
3558,5,5
3559,1,1
3560,1,1
3561,5,5
3562,1,1
3563,5,5
3564,5,0
3565,1,1
3566,1,1
3567,5,4
3568,1,1
3569,1,1
3570,5,5
3571,2,2
3572,5,5
3573,5,5
3574,5,1
3575,5,5
3576,1,1
3577,5,5
3578,1,1
3579,1,1
3580,5,5
3581,1,1
3582,1,1
3583,5,4
3584,5,5
3585,1,1
3586,5,0
3587,1,1
3588,1,1
3589,1,1
3590,1,1
3591,5,5
3592,2,2
3593,5,5
3594,5,5
3595,5,5
3596,5,5
3597,5,5
3598,1,1
3599,1,1
3600,2,2
3601,1,1
3602,1,1
3603,5,5
3604,5,5
3605,1,1
3606,5,4
3607,1,1
3608,5,5
3609,1,1
3610,5,5
3611,5,0
3612,5,0
3613,5,5
3614,1,1
3615,1,1
3616,5,5
3617,5,5
3618,1,1
3619,2,2
3620,1,1
3621,5,5
3622,5,5
3623,5,5
3624,1,1
3625,5,5
3626,5,4
3627,1,1
3628,2,2
3629,5,5
3630,1,1
3631,1,1
3632,5,4
3633,5,5
3634,5,4
3635,1,1
3636,5,4
3637,5,1
3638,1,4
3639,5,4
3640,5,5
3641,5,1
3642,1,1
3643,5,4
3644,5,5
3645,5,5
3646,5,5
3647,5,3
3648,1,5
3649,5,5
3650,1,1
3651,1,1
3652,5,4
3653,1,1
3654,5,5
3655,1,1
3656,1,1
3657,5,5
3658,5,5
3659,1,1
3660,1,1
3661,1,1
3662,5,5
3663,5,5
3664,5,5
3665,5,0
3666,5,5
3667,5,5
3668,1,1
3669,5,3
3670,5,5
3671,1,1
3672,5,5
3673,5,5
3674,1,1
3675,5,5
3676,5,4
3677,2,3
3678,5,4
3679,1,1
3680,5,5
3681,1,1
3682,5,5
3683,1,1
3684,1,1
3685,5,1
3686,5,4
3687,5,3
3688,5,2
3689,5,5
3690,5,5
3691,1,1
3692,5,5
3693,5,4
3694,2,3
3695,5,3
3696,5,5
3697,5,0
3698,5,5
3699,5,5
3700,1,1
3701,1,1
3702,1,1
3703,5,5
3704,1,1
3705,1,1
3706,1,1
3707,2,2
3708,5,5
3709,5,5
3710,5,5
3711,1,1
3712,5,5
3713,5,5
3714,1,1
3715,1,1
3716,1,1
3717,5,4
3718,5,5
3719,5,0
3720,1,1
3721,5,3
3722,5,1
3723,1,1
3724,1,1
3725,5,5
3726,5,5
3727,5,1
3728,5,3
3729,3,3
3730,1,1
3731,5,5
3732,2,2
3733,1,1
3734,2,2
3735,1,1
3736,1,1
3737,5,5
3738,1,1
3739,5,5
3740,1,4
3741,5,0
3742,5,1
3743,1,1
3744,2,2
3745,5,5
3746,2,2
3747,5,5
3748,2,2
3749,1,1
3750,5,0
3751,5,4
3752,5,0
3753,1,1
3754,1,1
3755,1,1
3756,1,1
3757,5,0
3758,2,2
3759,5,5
3760,5,5
3761,1,1
3762,5,5
3763,5,5
3764,5,4
3765,1,1
3766,1,1
3767,5,0
3768,3,3
3769,5,0
3770,5,5
3771,5,1
3772,5,5
3773,1,1
3774,1,1
3775,1,1
3776,5,5
3777,5,5
3778,1,1
3779,1,1
3780,5,5
3781,5,4
3782,1,1
3783,5,0
3784,5,5
3785,5,5
3786,5,5
3787,2,2
3788,5,5
3789,5,4
3790,5,5
3791,5,5
3792,5,5
3793,1,0
3794,1,1
3795,1,1
3796,1,1
3797,5,4
3798,1,1
3799,5,0
3800,5,5
3801,5,3
3802,1,1
3803,5,4
3804,1,1
3805,5,5
3806,1,1
3807,5,4
3808,5,3
3809,5,5
3810,5,5
3811,1,1
3812,5,5
3813,5,5
3814,5,5
3815,1,1
3816,1,1
3817,5,0
3818,5,5
3819,5,4
3820,5,5
3821,1,1
3822,1,1
3823,5,3
3824,1,1
3825,2,2
3826,5,5
3827,5,4
3828,1,4
3829,5,4
3830,5,5
3831,5,0
3832,5,0
3833,5,5
3834,5,0
3835,5,5
3836,5,5
3837,1,1
3838,1,1
3839,2,5
3840,1,1
3841,5,5
3842,1,1
3843,5,0
3844,1,1
3845,5,4
3846,5,5
3847,5,5
3848,5,5
3849,1,1
3850,1,1
3851,1,1
3852,5,5
3853,1,1
3854,1,0
3855,5,4
3856,5,0
3857,2,2
3858,5,4
3859,1,1
3860,1,1
3861,1,1
3862,1,1
3863,1,1
3864,5,5
3865,1,1
3866,5,0
3867,5,5
3868,5,5
3869,1,1
3870,2,2
3871,1,1
3872,1,1
3873,1,1
3874,1,1
3875,1,1
3876,1,1
3877,1,1
3878,5,5
3879,1,1
3880,5,5
3881,1,1
3882,5,4
3883,5,5
3884,5,5
3885,1,1
3886,5,5
3887,5,4
3888,1,1
3889,1,1
3890,5,5
3891,1,1
3892,1,1
3893,5,5
3894,1,1
3895,5,0
3896,5,5
3897,1,1
3898,5,5
3899,5,5
3900,5,5
3901,1,1
3902,2,2
3903,2,2
3904,1,1
3905,5,5
3906,1,1
3907,5,5
3908,5,4
3909,1,1
3910,2,2
3911,5,5
3912,1,1
3913,1,1
3914,2,2
3915,5,5
3916,2,3
3917,5,4
3918,1,4
3919,1,1
3920,1,1
3921,1,0
3922,5,5
3923,5,5
3924,1,1
3925,5,5
3926,5,0
3927,5,5
3928,1,1
3929,5,5
3930,5,0
3931,5,5
3932,5,5
3933,2,2
3934,1,1
3935,5,0
3936,1,1
3937,1,1
3938,1,1
3939,5,5
3940,5,5
3941,1,1
3942,5,5
3943,1,1
3944,5,5
3945,5,0
3946,5,0
3947,5,4
3948,5,5
3949,5,5
3950,5,5
3951,5,5
3952,5,5
3953,1,1
3954,5,1
3955,5,5
3956,5,5
3957,1,1
3958,2,0
3959,1,4
3960,5,5
3961,5,5
3962,5,5
3963,1,1
3964,2,2
3965,2,2
3966,5,5
3967,1,1
3968,1,1
3969,5,4
3970,1,1
3971,5,0
3972,5,5
3973,1,1
3974,1,1
3975,2,2
3976,5,5
3977,5,5
3978,0,4
3979,1,1
3980,5,5
3981,1,1
3982,1,1
3983,5,5
3984,5,4
3985,5,5
3986,5,5
3987,5,5
3988,2,2
3989,5,5
3990,5,5
3991,2,2
3992,5,4
3993,2,3
3994,2,3
3995,5,5
3996,5,5
3997,1,1
3998,5,5
3999,5,5
4000,1,1
4001,5,5
4002,5,5
4003,2,3
4004,5,4
4005,5,4
4006,5,0
4007,5,5
4008,5,5
4009,5,0
4010,5,0
4011,1,1
4012,5,5
4013,5,5
4014,5,5
4015,5,5
4016,1,1
4017,1,1
4018,5,4
4019,5,5
4020,1,1
4021,1,1
4022,2,2
4023,5,5
4024,1,1
4025,1,1
4026,1,1
4027,5,5
4028,5,5
4029,5,5
4030,1,1
4031,3,3
4032,2,5
4033,5,5
4034,5,1
4035,2,2
4036,5,5
4037,5,4
4038,5,5
4039,2,2
4040,5,5
4041,5,5
4042,2,2
4043,5,5
4044,5,5
4045,1,1
4046,1,1
4047,5,5
4048,5,4
4049,1,1
4050,5,4
4051,1,1
4052,5,5
4053,5,5
4054,5,5
4055,2,3
4056,1,1
4057,5,5
4058,2,2
4059,1,1
4060,5,5
4061,5,5
4062,1,1
4063,1,1
4064,1,1
4065,5,5
4066,1,1
4067,1,1
4068,1,1
4069,1,1
4070,5,5
4071,5,5
4072,1,4
4073,1,1
4074,1,1
4075,5,4
4076,5,5
4077,1,1
4078,1,1
4079,5,4
4080,2,2
4081,5,0
4082,5,1
4083,5,5
4084,1,1
4085,3,3
4086,1,1
4087,5,5
4088,5,5
4089,5,4
4090,5,5
4091,1,1
4092,1,1
4093,1,1
4094,5,5
4095,1,1
4096,1,1
4097,5,1
4098,5,5
4099,5,4
4100,5,5
4101,1,1
4102,5,4
4103,5,5
4104,1,1
4105,5,5
4106,5,0
4107,1,1
4108,2,2
4109,1,4
4110,1,1
4111,5,5
4112,1,1
4113,1,1
4114,5,0
4115,5,5
4116,1,1
4117,5,5
4118,4,4
4119,1,1
4120,5,5
4121,5,3
4122,1,1
4123,5,4
4124,5,5
4125,1,1
4126,2,2
4127,5,5
4128,1,1
4129,1,1
4130,5,5
4131,1,1
4132,5,0
4133,5,4
4134,5,4
4135,2,3
4136,2,2
4137,5,5
4138,1,1
4139,5,5
4140,5,5
4141,5,5
4142,1,4
4143,1,1
4144,1,1
4145,1,1
4146,1,1
4147,5,5
4148,5,4
4149,1,1
4150,1,1
4151,1,1
4152,5,3
4153,5,0
4154,2,2
4155,2,2
4156,1,4
4157,5,5
4158,5,3
4159,1,1
4160,1,1
4161,5,5
4162,5,5
4163,2,4
4164,1,1
4165,1,1
4166,1,1
4167,5,4
4168,5,5
4169,5,4
4170,5,5
4171,1,1
4172,5,0
4173,1,1
4174,5,4
4175,5,5
4176,1,1
4177,1,1
4178,5,5
4179,5,0
4180,5,5
4181,5,5
4182,5,5
4183,2,2
4184,2,2
4185,1,1
4186,1,1
4187,5,5
4188,5,5
4189,5,5
4190,1,1
4191,2,5
4192,5,0
4193,1,1
4194,1,1
4195,1,1
4196,5,5
4197,5,0
4198,5,4
4199,5,5
4200,1,1
4201,5,4
4202,2,3
4203,1,1
4204,1,1
4205,1,1
4206,5,5
4207,5,5
4208,1,1
4209,5,4
4210,5,4
4211,5,0
4212,5,5
4213,5,0
4214,5,5
4215,5,5
4216,5,5
4217,1,1
4218,5,5
4219,5,5
4220,2,3
4221,5,5
4222,5,5
4223,5,4
4224,5,5
4225,1,1
4226,5,5
4227,5,4
4228,5,5
4229,1,1
4230,5,5
4231,5,0
4232,1,1
4233,5,5
4234,1,1
4235,1,1
4236,5,4
4237,5,5
4238,5,0
4239,5,4
4240,5,4
4241,5,5
4242,5,5
4243,1,1
4244,5,5
4245,5,1
4246,5,5
4247,5,5
4248,1,1
4249,1,1
4250,1,1
4251,5,5
4252,2,3
4253,2,2
4254,5,5
4255,2,2
4256,5,5
4257,1,1
4258,1,1
4259,1,4
4260,5,0
4261,5,5
4262,5,4
4263,1,1
4264,2,2
4265,1,1
4266,5,5
4267,5,5
4268,5,5
4269,1,1
4270,5,5
4271,5,5
4272,5,5
4273,5,4
4274,1,1
4275,5,4
4276,5,0
4277,5,5
4278,5,4
4279,5,5
4280,5,5
4281,5,5
4282,5,5
4283,5,5
4284,5,0
4285,5,5
4286,2,2
4287,1,1
4288,5,4
4289,1,5
4290,5,5
4291,5,5
4292,1,1
4293,1,1
4294,1,1
4295,5,0
4296,2,3
4297,1,1
4298,5,5
4299,1,1
4300,5,5
4301,1,1
4302,1,1
4303,5,5
4304,1,1
4305,5,3
4306,5,5
4307,2,2
4308,5,5
4309,2,2
4310,5,4
4311,1,1
4312,5,3
4313,5,5
4314,1,1
4315,1,1
4316,1,1
4317,5,5
4318,5,0
4319,5,0
4320,4,0
4321,2,2
4322,5,3
4323,5,0
4324,1,1
4325,1,1
4326,5,5
4327,5,0
4328,5,5
4329,5,0
4330,5,5
4331,5,2
4332,1,1
4333,5,0
4334,5,5
4335,5,2
4336,1,1
4337,5,0
4338,5,5
4339,5,4
4340,5,5
4341,5,5
4342,5,5
4343,1,1
4344,2,2
4345,5,5
4346,5,4
4347,5,5
4348,5,5
4349,5,5
4350,5,5
4351,5,5
4352,1,1
4353,5,4
4354,5,5
4355,5,5
4356,1,1
4357,5,5
4358,5,0
4359,5,5
4360,5,5
4361,5,0
4362,1,1
4363,5,5
4364,5,5
4365,1,1
4366,5,5
4367,5,5
4368,5,5
4369,5,5
4370,5,5
4371,5,5
4372,1,1
4373,5,0
4374,1,1
4375,5,5
4376,5,3
4377,5,5
4378,5,5
4379,1,1
4380,5,5
4381,1,1
4382,5,0
4383,5,4
4384,1,4
4385,5,0
4386,5,5
4387,1,1
4388,5,5
4389,1,1
4390,5,4
4391,5,5
4392,2,2
4393,2,2
4394,1,4
4395,5,5
4396,1,1
4397,5,5
4398,1,1
4399,1,1
4400,1,1
4401,1,1
4402,5,5
4403,1,1
4404,5,5
4405,5,5
4406,5,4
4407,5,5
4408,5,5
4409,5,5
4410,1,1
4411,5,4
4412,1,1
4413,1,1
4414,1,1
4415,5,5
4416,1,1
4417,1,1
4418,1,1
4419,5,5
4420,5,4
4421,1,1
4422,2,2
4423,5,5
4424,5,5
4425,5,5
4426,5,5
4427,5,5
4428,1,5
4429,1,1
4430,5,5
4431,1,1
4432,5,5
4433,5,1
4434,5,5
4435,5,5
4436,2,2
4437,5,5
4438,5,5
4439,5,3
4440,5,5
4441,5,5
4442,1,1
4443,1,1
4444,5,5
4445,3,3
4446,1,1
4447,5,5
4448,5,5
4449,5,4
4450,5,5
4451,1,4
4452,5,5
4453,5,4
4454,1,1
4455,1,1
4456,1,4
4457,1,4
4458,5,5
4459,5,0
4460,1,1
4461,5,5
4462,5,0
4463,1,1
4464,5,5
4465,5,5
4466,1,1
4467,1,1
4468,5,4
4469,5,5
4470,5,0
4471,5,5
4472,1,1
4473,1,1
4474,1,0
4475,5,5
4476,5,4
4477,5,0
4478,1,1
4479,5,5
4480,5,4
4481,5,4
4482,1,1
4483,1,4
4484,5,4
4485,2,2
4486,5,2
4487,1,1
4488,5,5
4489,2,2
4490,5,5
4491,1,1
4492,5,2
4493,1,4
4494,5,5
4495,1,1
4496,5,4
4497,5,5
4498,5,5
4499,1,1
4500,5,4
4501,5,5
4502,5,3
4503,5,0
4504,5,5
4505,2,3
4506,5,5
4507,1,1
4508,1,1
4509,5,5
4510,5,5
4511,2,0
4512,5,5
4513,1,1
4514,5,3
4515,5,4
4516,5,5
4517,5,4
4518,5,5
4519,2,3
4520,1,1
4521,1,1
4522,5,0
4523,5,5
4524,5,5
4525,1,1
4526,2,2
4527,5,5
4528,5,0
4529,5,2
4530,5,5
4531,5,4
4532,5,0
4533,5,5
4534,1,1
4535,1,1
4536,5,5
4537,5,4
4538,5,0
4539,1,1
4540,5,3
4541,5,5
4542,5,5
4543,5,0
4544,2,2
4545,1,1
4546,1,1
4547,5,4
4548,2,2
4549,5,4
4550,2,3
4551,5,0
4552,5,5
4553,5,3
4554,1,4
4555,5,5
4556,1,1
4557,1,1
4558,1,1
4559,1,1
4560,5,4
4561,5,0
4562,5,5
4563,1,1
4564,5,5
4565,1,1
4566,5,5
4567,1,1
4568,5,5
4569,2,2
4570,1,1
4571,5,5
4572,1,1
4573,5,5
4574,5,5
4575,1,1
4576,5,4
4577,5,5
4578,1,1
4579,1,1
4580,1,1
4581,5,4
4582,1,1
4583,5,5
4584,5,5
4585,5,4
4586,5,1
4587,5,5
4588,1,1
4589,5,5
4590,1,1
4591,5,5
4592,5,4
4593,5,0
4594,5,5
4595,5,5
4596,5,5
4597,5,4
4598,5,0
4599,2,2
4600,1,1
4601,1,1
4602,5,5
4603,5,4
4604,5,4
4605,5,4
4606,1,1
4607,5,0
4608,5,5
4609,5,3
4610,1,1
4611,1,4
4612,5,4
4613,1,1
4614,5,5
4615,5,5
4616,1,4
4617,2,2
4618,5,5
4619,5,5
4620,1,1
4621,5,5
4622,1,0
4623,1,1
4624,1,1
4625,5,5
4626,5,2
4627,1,1
4628,5,4
4629,1,1
4630,5,4
4631,4,0
4632,1,1
4633,5,5
4634,5,5
4635,5,5
4636,1,1
4637,5,5
4638,5,4
4639,1,1
4640,5,5
4641,1,1
4642,1,1
4643,1,1
4644,1,1
4645,2,3
4646,5,5
4647,1,1
4648,5,2
4649,5,0
4650,5,0
4651,5,4
4652,5,5
4653,5,5
4654,5,0
4655,1,1
4656,5,0
4657,1,1
4658,1,1
4659,5,5
4660,5,4
4661,5,0
4662,5,5
4663,5,0
4664,2,3
4665,5,4
4666,5,0
4667,5,3
4668,5,5
4669,1,4
4670,5,5
4671,5,5
4672,1,1
4673,2,3
4674,2,3
4675,1,1
4676,2,2
4677,5,4
4678,5,0
4679,5,5
4680,1,1
4681,5,5
4682,5,5
4683,1,4
4684,1,1
4685,1,1
4686,2,2
4687,5,5
4688,5,5
4689,5,4
4690,1,1
4691,5,5
4692,5,5
4693,1,1
4694,5,5
4695,5,5
4696,1,1
4697,5,2
4698,1,5
4699,2,2
4700,1,1
4701,1,1
4702,5,4
4703,5,5
4704,1,1
4705,5,4
4706,1,4
4707,1,1
4708,1,5
4709,5,0
4710,5,5
4711,5,1
4712,5,5
4713,1,1
4714,1,1
4715,1,1
4716,5,5
4717,5,4
4718,5,5
4719,5,5
4720,1,1
4721,5,0
4722,5,5
4723,5,5
4724,5,0
4725,5,5
4726,5,5
4727,5,0
4728,5,0
4729,1,1
4730,1,1
4731,5,5
4732,1,1
4733,5,5
4734,5,5
4735,5,0
4736,5,5
4737,5,5
4738,5,5
4739,5,5
4740,5,0
4741,5,0
4742,1,1
4743,5,5
4744,5,5
4745,2,3
4746,5,5
4747,1,1
4748,5,5
4749,5,0
4750,5,5
4751,5,5
4752,5,0
4753,5,5
4754,5,5
4755,5,5
4756,2,2
4757,5,5
4758,5,5
4759,1,4
4760,1,1
4761,5,0
4762,5,4
4763,5,5
4764,5,0
4765,5,4
4766,1,1
4767,5,1
4768,5,4
4769,5,5
4770,5,4
4771,5,3
4772,5,0
4773,1,1
4774,2,3
4775,5,5
4776,1,1
4777,5,5
4778,5,5
4779,5,5
4780,1,1
4781,1,1
4782,1,1
4783,5,5
4784,5,5
4785,2,3
4786,1,1
4787,1,4
4788,1,4
4789,2,2
4790,5,4
4791,5,5
4792,5,4
4793,5,2
4794,5,5
4795,5,5
4796,2,2
4797,5,5
4798,1,1
4799,5,5
4800,5,5
4801,5,5
4802,5,5
4803,1,1
4804,1,5
4805,5,4
4806,5,4
4807,5,5
4808,1,1
4809,1,1
4810,5,0
4811,1,1
4812,5,4
4813,5,5
4814,1,1
4815,1,1
4816,1,1
4817,1,1
4818,5,5
4819,1,1
4820,5,5
4821,1,1
4822,5,5
4823,5,1
4824,5,4
4825,1,1
4826,5,5
4827,5,5
4828,1,1
4829,1,1
4830,5,5
4831,5,0
4832,5,3
4833,5,0
4834,5,5
4835,5,4
4836,1,1
4837,5,5
4838,5,0
4839,5,5
4840,5,4
4841,5,0
4842,1,1
4843,1,1
4844,1,1
4845,1,1
4846,5,5
4847,1,1
4848,5,5
4849,5,5
4850,1,1
4851,5,4
4852,5,0
4853,2,2
4854,2,3
4855,5,5
4856,1,1
4857,2,2
4858,5,5
4859,5,5
4860,2,3
4861,5,5
4862,5,5
4863,2,2
4864,2,3
4865,1,5
4866,1,1
4867,1,1
4868,2,2
4869,1,1
4870,5,5
4871,5,5
4872,5,0
4873,5,5
4874,2,2
4875,5,4
4876,5,5
4877,2,3
4878,5,5
4879,5,5
4880,5,0
4881,1,1
4882,1,1
4883,1,1
4884,5,0
4885,5,5
4886,1,1
4887,5,4
4888,1,1
4889,1,1
4890,1,0
4891,1,1
4892,1,1
4893,1,1
4894,1,5
4895,5,0
4896,1,1
4897,5,5
4898,1,1
4899,2,2
4900,5,5
4901,1,1
4902,5,5
4903,5,4
4904,5,5
4905,5,5
4906,1,1
4907,5,5
4908,1,4
4909,5,5
4910,5,5
4911,2,2
4912,5,5
4913,5,5
4914,1,1
4915,1,1
4916,5,0
4917,5,1
4918,1,4
4919,2,2
4920,5,3
4921,1,1
4922,5,5
4923,5,5
4924,5,0
4925,5,0
4926,5,5
4927,5,4
4928,5,0
4929,1,1
4930,1,1
4931,5,4
4932,5,5
4933,5,3
4934,5,5
4935,5,5
4936,5,5
4937,1,1
4938,1,1
4939,5,5
4940,5,5
4941,1,1
4942,5,5
4943,5,5
4944,2,2
4945,5,5
4946,1,1
4947,5,0
4948,1,1
4949,1,1
4950,5,5
4951,1,1
4952,5,0
4953,5,5
4954,5,5
4955,5,5
4956,5,3
4957,5,5
4958,5,5
4959,5,5
4960,2,2
4961,2,2
4962,2,2
4963,1,1
4964,1,1
4965,1,1
4966,5,5
4967,5,5
4968,1,1
4969,5,5
4970,5,5
4971,5,5
4972,5,5
4973,5,5
4974,5,0
4975,5,5
4976,5,5
4977,1,1
4978,1,1
4979,2,2
4980,1,1
4981,5,0
4982,5,5
4983,1,1
4984,5,5
4985,2,3
4986,5,5
4987,5,5
4988,5,5
4989,5,0
4990,1,1
4991,5,5
4992,1,1
4993,5,5
4994,2,2
4995,5,5
4996,5,5
4997,5,5
4998,5,5
4999,5,4
5000,5,5
5001,1,1
5002,5,5
5003,5,5
5004,1,0
5005,1,4
5006,5,5
5007,1,1
5008,5,5
5009,2,2
5010,5,5
5011,1,1
5012,5,5
5013,5,5
5014,1,1
5015,5,0
5016,5,5
5017,5,5
5018,5,5
5019,5,5
5020,5,4
5021,5,3
5022,5,4
5023,5,5
5024,5,5
5025,2,3
5026,5,0
5027,1,1
5028,5,5
5029,1,1
5030,5,5
5031,1,1
5032,2,3
5033,5,5
5034,1,1
5035,1,1
5036,5,5
5037,1,1
5038,1,1
5039,1,1
5040,5,5
5041,5,5
5042,5,5
5043,5,5
5044,1,1
5045,1,1
5046,1,0
5047,1,1
5048,1,1
5049,2,2
5050,5,5
5051,1,1
5052,1,1
5053,1,4
5054,5,5
5055,5,5
5056,1,4
5057,5,5
5058,5,5
5059,5,5
5060,1,1
5061,5,5
5062,1,1
5063,5,5
5064,1,1
5065,1,1
5066,1,1
5067,2,2
5068,2,2
5069,5,5
5070,5,5
5071,5,5
5072,1,1
5073,1,1
5074,5,5
5075,1,1
5076,1,4
5077,5,5
5078,1,1
5079,5,3
5080,5,5
5081,1,0
5082,1,1
5083,1,1
5084,5,4
5085,5,0
5086,5,3
5087,5,4
5088,1,1
5089,5,3
5090,1,1
5091,5,5
5092,1,1
5093,1,1
5094,2,2
5095,5,5
5096,5,5
5097,1,1
5098,5,5
5099,1,1
5100,1,1
5101,5,5
5102,5,0
5103,5,4
5104,5,5
5105,5,5
5106,1,1
5107,5,3
5108,1,1
5109,5,0
5110,5,5
5111,5,5
5112,1,1
5113,5,5
5114,1,1
5115,5,5
5116,1,1
5117,1,1
5118,1,1
5119,5,5
5120,5,0
5121,1,1
5122,5,5
5123,5,5
5124,5,5
5125,5,5
5126,1,4
5127,1,1
5128,1,1
5129,1,1
5130,1,1
5131,5,0
5132,5,0
5133,5,5
5134,5,5
5135,5,1
5136,1,1
5137,5,0
5138,1,1
5139,1,1
5140,5,5
5141,1,5
5142,5,0
5143,5,5
5144,2,3
5145,1,1
5146,5,5
5147,5,5
5148,5,5
5149,5,4
5150,5,5
5151,2,3
5152,5,5
5153,5,0
5154,5,5
5155,5,5
5156,5,0
5157,1,1
5158,5,5
5159,1,1
5160,5,5
5161,5,5
5162,5,1
5163,5,5
5164,1,5
5165,1,1
5166,5,0
5167,2,2
5168,5,5
5169,5,5
5170,5,5
5171,5,5
5172,5,0
5173,1,1
5174,5,4
5175,5,3
5176,1,1
5177,1,1
5178,5,5
5179,5,4
5180,5,0
5181,1,1
5182,5,5
5183,5,4
5184,5,5
5185,5,5
5186,1,1
5187,5,5
5188,5,5
5189,1,5
5190,5,5
5191,5,5
5192,2,2
5193,1,1
5194,1,1
5195,2,3
5196,5,0
5197,5,5
5198,5,4
5199,1,1
5200,1,1
5201,5,5
5202,1,1
5203,5,4
5204,1,1
5205,5,5
5206,5,5
5207,5,4
5208,5,3
5209,1,1
5210,5,2
5211,5,5
5212,5,0
5213,5,5
5214,5,5
5215,1,1
5216,1,1
5217,5,5
5218,1,1
5219,5,0
5220,5,5
5221,2,2
5222,5,5
5223,5,5
5224,5,5
5225,1,1
5226,1,1
5227,5,5
5228,5,5
5229,5,5
5230,5,5
5231,5,0
5232,1,1
5233,5,0
5234,5,4
5235,1,1
5236,1,1
5237,1,1
5238,5,3
5239,5,0
5240,5,5
5241,5,5
5242,1,1
5243,1,1
5244,5,5
5245,2,3
5246,5,0
5247,2,2
5248,2,2
5249,5,5
5250,5,5
5251,5,0
5252,1,1
5253,2,2
5254,1,1
5255,5,5
5256,1,1
5257,5,3
5258,5,4
5259,5,5
5260,5,5
5261,5,4
5262,5,5
5263,5,5
5264,5,4
5265,1,1
5266,5,4
5267,5,5
5268,5,5
5269,1,4
5270,1,1
5271,5,5
5272,5,5
5273,5,5
5274,5,3
5275,5,4
5276,1,1
5277,1,1
5278,1,1
5279,5,5
5280,1,1
5281,1,1
5282,5,0
5283,5,0
5284,1,1
5285,5,5
5286,1,1
5287,5,5
5288,5,0
5289,5,0
5290,5,0
5291,5,5
5292,1,1
5293,2,2
5294,1,1
5295,5,5
5296,5,0
5297,5,0
5298,5,5
5299,1,1
5300,5,0
5301,1,1
5302,1,1
5303,2,2
5304,5,5
5305,5,0
5306,5,5
5307,5,5
5308,2,4
5309,4,1
5310,1,1
5311,5,5
5312,5,5
5313,5,5
5314,5,5
5315,5,5
5316,1,1
5317,5,5
5318,5,4
5319,5,5
5320,1,4
5321,2,2
5322,5,4
5323,5,5
5324,5,5
5325,5,5
5326,1,4
5327,5,5
5328,1,1
5329,1,1
5330,1,1
5331,5,5
5332,1,1
5333,1,1
5334,5,4
5335,5,4
5336,5,4
5337,5,0
5338,5,5
5339,5,5
5340,5,5
5341,5,5
5342,5,5
5343,5,5
5344,5,5
5345,5,4
5346,1,1
5347,5,0
5348,1,1
5349,1,1
5350,5,5
5351,5,1
5352,2,2
5353,5,5
5354,1,1
5355,1,0
5356,5,0
5357,5,5
5358,5,5
5359,1,1
5360,5,5
5361,1,1
5362,5,5
5363,5,5
5364,5,5
5365,5,5
5366,5,5
5367,5,1
5368,5,5
5369,5,5
5370,5,5
5371,5,5
5372,5,5
5373,1,1
5374,5,5
5375,5,3
5376,5,5
5377,1,1
5378,5,3
5379,5,3
5380,1,1
5381,5,5
5382,2,2
5383,5,4
5384,5,1
5385,1,0
5386,1,0
5387,1,1
5388,1,1
5389,1,1
5390,1,1
5391,5,5
5392,5,5
5393,5,0
5394,2,3
5395,1,1
5396,5,0
5397,1,1
5398,5,4
5399,1,1
5400,5,5
5401,1,1
5402,1,1
5403,5,5
5404,5,5
5405,5,5
5406,5,4
5407,5,0
5408,5,5
5409,5,5
5410,5,5
5411,5,5
5412,5,5
5413,5,5
5414,1,0
5415,5,5
5416,1,1
5417,1,5
5418,1,1
5419,5,5
5420,5,5
5421,5,5
5422,5,5
5423,5,5
5424,1,1
5425,5,5
5426,5,5
5427,5,0
5428,1,1
5429,1,1
5430,1,1
5431,5,5
5432,1,1
5433,1,1
5434,1,1
5435,1,1
5436,5,4
5437,5,5
5438,5,5
5439,1,1
5440,5,5
5441,5,5
5442,1,1
5443,1,1
5444,5,5
5445,5,5
5446,5,3
5447,5,5
5448,1,1
5449,1,5
5450,1,1
5451,1,1
5452,5,5
5453,5,5
5454,5,5
5455,5,5
5456,5,5
5457,5,4
5458,1,1
5459,1,1
5460,1,1
5461,1,1
5462,1,1
5463,5,5
5464,1,1
5465,5,3
5466,5,4
5467,5,4
5468,2,2
5469,5,5
5470,1,1
5471,2,3
5472,1,1
5473,5,4
5474,5,4
5475,1,1
5476,5,5
5477,5,4
5478,5,4
5479,5,5
5480,5,5
5481,5,5
5482,5,5
5483,5,0
5484,1,1
5485,5,0
5486,5,5
5487,5,5
5488,5,3
5489,1,4
5490,5,5
5491,5,5
5492,1,1
5493,5,5
5494,2,2
5495,5,0
5496,2,2
5497,2,2
5498,5,0
5499,5,5
5500,5,5
5501,5,0
5502,2,2
5503,5,5
5504,1,1
5505,5,0
5506,1,1
5507,1,1
5508,5,4
5509,5,5
5510,5,5
5511,5,0
5512,5,5
5513,2,2
5514,5,5
5515,5,5
5516,5,5
5517,5,5
5518,1,1
5519,5,5
5520,1,1
5521,5,0
5522,1,1
5523,2,3
5524,5,5
5525,5,0
5526,5,5
5527,1,1
5528,1,1
5529,2,2
5530,5,0
5531,5,0
5532,5,5
5533,5,5
5534,1,4
5535,1,1
5536,5,5
5537,1,1
5538,5,3
5539,5,5
5540,1,1
5541,5,0
5542,5,5
5543,5,1
5544,5,5
5545,5,5
5546,5,3
5547,2,2
5548,5,4
5549,1,1
5550,1,1
5551,5,5
5552,5,4
5553,1,1
5554,5,5
5555,1,1
5556,5,0
5557,5,5
5558,1,1
5559,5,1
5560,5,5
5561,1,1
5562,5,5
5563,5,4
5564,5,5
5565,5,5
5566,1,1
5567,1,1
5568,5,4
5569,1,1
5570,5,5
5571,5,5
5572,5,4
5573,5,3
5574,5,5
5575,5,5
5576,1,1
5577,5,0
5578,2,3
5579,5,4
5580,1,1
5581,1,1
5582,5,5
5583,5,5
5584,5,0
5585,5,5
5586,1,1
5587,1,1
5588,1,1
5589,5,5
5590,5,5
5591,1,1
5592,2,2
5593,1,1
5594,1,1
5595,2,2
5596,5,4
5597,5,5
5598,1,1
5599,5,0
5600,2,3
5601,5,0
5602,5,4
5603,5,5
5604,5,5
5605,1,1
5606,1,1
5607,1,1
5608,5,2
5609,5,5
5610,5,5
5611,5,0
5612,5,4
5613,1,1
5614,5,5
5615,5,5
5616,5,5
5617,5,4
5618,1,1
5619,5,0
5620,5,5
5621,5,5
5622,1,1
5623,1,1
5624,5,0
5625,1,1
5626,3,3
5627,1,4
5628,5,0
5629,5,4
5630,1,1
5631,1,1
5632,2,3
5633,5,5
5634,5,5
5635,5,5
5636,5,5
5637,5,4
5638,1,1
5639,1,1
5640,5,5
5641,5,5
5642,5,4
5643,5,5
5644,1,1
5645,5,5
5646,5,5
5647,5,5
5648,1,1
5649,5,5
5650,5,5
5651,5,5
5652,5,5
5653,5,5
5654,5,5
5655,1,1
5656,5,5
5657,5,5
5658,5,4
5659,5,4
5660,5,4
5661,5,5
5662,1,4
5663,5,5
5664,1,1
5665,1,1
5666,5,2
5667,2,2
5668,5,5
5669,5,4
5670,5,5
5671,1,1
5672,5,5
5673,5,5
5674,1,1
5675,5,5
5676,5,5
5677,2,3
5678,5,5
5679,5,4
5680,5,5
5681,1,1
5682,1,1
5683,5,5
5684,1,1
5685,5,2
5686,1,1
5687,5,0
5688,1,1
5689,2,2
5690,5,5
5691,1,1
5692,5,5
5693,1,1
5694,5,0
5695,5,5
5696,1,1
5697,5,5
5698,5,5
5699,1,1
5700,5,4
5701,5,5
5702,5,5
5703,5,5
5704,5,0
5705,1,1
5706,1,1
5707,1,1
5708,1,4
5709,1,1
5710,1,0
5711,5,4
5712,5,5
5713,1,1
5714,5,3
5715,1,1
5716,5,5
5717,1,5
5718,5,5
5719,2,2
5720,1,1
5721,1,1
5722,5,5
5723,1,1
5724,2,2
5725,5,5
5726,5,4
5727,2,2
5728,5,4
5729,5,4
5730,5,4
5731,5,5
5732,1,1
5733,5,5
5734,5,1
5735,1,4
5736,1,1
5737,5,5
5738,5,5
5739,1,1
5740,5,5
5741,2,2
5742,1,0
5743,1,1
5744,5,5
5745,1,1
5746,2,2
5747,1,1
5748,5,5
5749,5,5
5750,5,4
5751,2,2
5752,5,5
5753,5,3
5754,1,1
5755,5,5
5756,5,5
5757,5,5
5758,1,1
5759,5,5
5760,5,5
5761,2,2
5762,5,4
5763,5,5
5764,1,1
5765,5,5
5766,5,2
5767,1,1
5768,5,5
5769,5,5
5770,1,1
5771,1,1
5772,5,5
5773,5,0
5774,1,1
5775,5,1
5776,5,5
5777,1,1
5778,1,1
5779,5,5
5780,5,5
5781,5,5
5782,5,5
5783,5,5
5784,5,4
5785,2,3
5786,5,5
5787,1,1
5788,5,4
5789,1,1
5790,1,1
5791,5,4
5792,1,1
5793,5,0
5794,5,0
5795,5,5
5796,5,5
5797,5,4
5798,5,5
5799,1,1
5800,5,0
5801,5,4
5802,5,4
5803,5,4
5804,1,1
5805,5,5
5806,5,5
5807,5,5
5808,1,1
5809,2,3
5810,1,1
5811,5,5
5812,5,0
5813,1,1
5814,5,5
5815,5,5
5816,1,1
5817,5,5
5818,1,1
5819,1,1
5820,5,5
5821,2,2
5822,1,1
5823,1,5
5824,1,1
5825,5,5
5826,1,1
5827,1,1
5828,5,0
5829,5,0
5830,5,5
5831,5,5
5832,5,4
5833,1,1
5834,5,5
5835,2,2
5836,2,3
5837,1,1
5838,1,1
5839,5,5
5840,1,1
5841,2,5
5842,1,1
5843,1,4
5844,1,1
5845,1,1
5846,5,5
5847,1,1
5848,1,4
5849,5,5
5850,5,4
5851,1,1
5852,5,5
5853,5,5
5854,5,5
5855,5,5
5856,1,1
5857,1,1
5858,5,0
5859,1,1
5860,1,1
5861,5,2
5862,2,2
5863,5,5
5864,1,1
5865,2,3
5866,1,1
5867,1,1
5868,2,2
5869,5,5
5870,5,5
5871,1,1
5872,5,4
5873,5,5
5874,1,1
5875,1,1
5876,2,2
5877,1,1
5878,1,1
5879,1,1
5880,5,0
5881,5,0
5882,5,0
5883,1,1
5884,5,5
5885,5,4
5886,5,5
5887,1,1
5888,5,4
5889,5,5
5890,5,4
5891,1,1
5892,2,3
5893,1,1
5894,2,4
5895,5,0
5896,5,4
5897,1,4
5898,5,4
5899,1,1
5900,5,4
5901,1,1
5902,5,5
5903,5,5
5904,1,1
5905,5,4
5906,1,1
5907,5,5
5908,1,1
5909,1,1
5910,1,1
5911,5,5
5912,5,0
5913,5,5
5914,5,5
5915,2,2
5916,1,1
5917,1,1
5918,2,2
5919,5,3
5920,1,1
5921,5,4
5922,5,0
5923,1,1
5924,4,0
5925,1,1
5926,1,1
5927,1,1
5928,5,3
5929,1,1
5930,2,2
5931,1,1
5932,5,3
5933,1,1
5934,1,0
5935,5,5
5936,5,3
5937,5,5
5938,5,4
5939,5,0
5940,1,1
5941,5,0
5942,1,1
5943,5,0
5944,1,1
5945,5,5
5946,1,5
5947,5,5
5948,5,0
5949,5,5
5950,1,1
5951,1,1
5952,1,4
5953,5,5
5954,5,5
5955,5,3
5956,5,5
5957,1,1
5958,5,0
5959,5,5
5960,2,2
5961,5,5
5962,5,5
5963,1,5
5964,5,5
5965,5,5
5966,5,3
5967,5,0
5968,1,1
5969,5,5
5970,5,5
5971,5,0
5972,5,4
5973,1,1
5974,5,5
5975,1,1
5976,1,1
5977,5,5
5978,1,1
5979,1,1
5980,5,5
5981,5,5
5982,5,4
5983,1,1
5984,2,3
5985,1,1
5986,5,4
5987,1,1
5988,5,5
5989,5,5
5990,5,4
5991,5,5
5992,5,4
5993,5,5
5994,5,5
5995,5,5
5996,1,1
5997,1,1
5998,5,5
5999,5,5
6000,5,5
6001,5,0
6002,5,5
6003,5,5
6004,5,5
6005,5,3
6006,5,5
6007,1,1
6008,1,1
6009,5,3
6010,5,5
6011,5,5
6012,5,5
6013,2,2
6014,1,1
6015,5,5
6016,1,1
6017,1,1
6018,5,5
6019,1,1
6020,5,4
6021,2,2
6022,5,5
6023,5,5
6024,2,4
6025,5,3
6026,3,3
6027,5,4
6028,5,4
6029,2,5
6030,5,4
6031,5,0
6032,1,1
6033,5,5
6034,5,1
6035,5,4
6036,5,5
6037,5,0
6038,5,5
6039,5,4
6040,1,1
6041,5,5
6042,5,5
6043,1,1
6044,1,4
6045,5,5
6046,5,5
6047,1,1
6048,2,3
6049,5,4
6050,5,5
6051,5,5
6052,5,5
6053,1,1
6054,5,4
6055,5,5
6056,1,1
6057,5,4
6058,1,1
6059,1,1
6060,1,1
6061,5,5
6062,1,0
6063,1,1
6064,1,1
6065,1,1
6066,5,4
6067,1,1
6068,1,1
6069,5,0
6070,5,5
6071,1,1
6072,5,5
6073,5,5
6074,2,2
6075,5,5
6076,1,0
6077,5,5
6078,5,5
6079,1,1
6080,1,1
6081,1,1
6082,1,1
6083,1,1
6084,5,5
6085,1,1
6086,1,1
6087,1,1
6088,5,5
6089,5,5
6090,5,5
6091,5,5
6092,5,5
6093,1,1
6094,1,1
6095,1,1
6096,5,0
6097,5,5
6098,5,5
6099,1,1
6100,1,1
6101,1,1
6102,2,5
6103,1,1
6104,1,4
6105,5,5
6106,1,4
6107,1,1
6108,2,3
6109,5,5
6110,5,5
6111,5,5
6112,1,1
6113,5,5
6114,5,5
6115,5,4
6116,5,5
6117,5,4
6118,1,1
6119,1,1
6120,5,5
6121,5,5
6122,5,0
6123,5,4
6124,1,5
6125,5,4
6126,5,5
6127,1,1
6128,5,5
6129,5,5
6130,1,1
6131,1,1
6132,5,5
6133,5,5
6134,5,0
6135,5,0
6136,1,1
6137,5,5
6138,5,5
6139,1,1
6140,1,1
6141,5,0
6142,5,4
6143,5,5
6144,1,1
6145,5,0
6146,5,5
6147,2,4
6148,1,1
6149,5,5
6150,1,1
6151,2,3
6152,5,0
6153,5,5
6154,5,5
6155,5,5
6156,5,0
6157,5,5
6158,1,1
6159,1,1
6160,5,5
6161,5,5
6162,5,5
6163,5,5
6164,1,1
6165,5,0
6166,5,5
6167,2,2
6168,1,1
6169,5,5
6170,5,5
6171,1,1
6172,5,4
6173,5,5
6174,1,1
6175,5,5
6176,5,5
6177,5,5
6178,1,1
6179,5,5
6180,1,1
6181,5,5
6182,1,4
6183,5,5
6184,5,5
6185,5,4
6186,1,1
6187,1,1
6188,1,1
6189,5,5
6190,5,0
6191,1,1
6192,2,2
6193,1,1
6194,5,2
6195,5,5
6196,4,0
6197,1,4
6198,5,5
6199,5,5
6200,5,5
6201,5,5
6202,5,5
6203,5,5
6204,5,5
6205,5,5
6206,1,1
6207,5,5
6208,1,1
6209,5,5
6210,5,5
6211,5,3
6212,5,5
6213,2,2
6214,5,3
6215,1,1
6216,5,5
6217,5,5
6218,5,5
6219,1,1
6220,5,0
6221,5,5
6222,1,1
6223,5,5
6224,5,5
6225,5,5
6226,5,4
6227,5,5
6228,5,5
6229,5,5
6230,1,1
6231,5,5
6232,5,5
6233,5,5
6234,5,5
6235,5,5
6236,5,0
6237,1,1
6238,1,1
6239,5,4
6240,5,5
6241,5,5
6242,1,1
6243,5,5
6244,5,5
6245,1,1
6246,1,1
6247,5,5
6248,5,3
6249,5,5
6250,5,5
6251,1,1
6252,5,5
6253,5,5
6254,5,5
6255,5,5
6256,1,1
6257,1,1
6258,1,1
6259,5,5
6260,1,1
6261,5,4
6262,5,5
6263,5,5
6264,5,0
6265,5,4
6266,5,1
6267,5,5
6268,5,5
6269,5,0
6270,1,1
6271,5,5
6272,5,5
6273,1,1
6274,1,1
6275,1,1
6276,5,5
6277,5,5
6278,1,4
6279,1,1
6280,5,5
6281,1,1
6282,1,1
6283,5,4
6284,1,0
6285,2,2
6286,1,1
6287,1,1
6288,1,1
6289,5,5
6290,1,1
6291,5,5
6292,1,1
6293,1,1
6294,2,5
6295,5,5
6296,5,5
6297,5,3
6298,1,1
6299,1,1
6300,5,5
6301,5,4
6302,1,1
6303,5,5
6304,5,5
6305,5,5
6306,5,5
6307,5,0
6308,5,5
6309,5,0
6310,5,5
6311,5,0
6312,1,1
6313,5,5
6314,5,5
6315,2,3
6316,1,1
6317,1,1
6318,5,4
6319,5,5
6320,5,4
6321,1,4
6322,1,1
6323,5,5
6324,1,1
6325,1,1
6326,1,1
6327,5,5
6328,5,5
6329,5,5
6330,1,1
6331,5,5
6332,5,5
6333,5,5
6334,5,3
6335,5,3
6336,5,4
6337,1,4
6338,5,0
6339,5,3
6340,5,5
6341,1,1
6342,1,5
6343,1,1
6344,5,5
6345,5,0
6346,5,5
6347,5,3
6348,1,1
6349,1,1
6350,5,5
6351,1,1
6352,5,4
6353,1,1
6354,5,1
6355,5,5
6356,1,1
6357,5,4
6358,5,5
6359,5,5
6360,5,5
6361,1,1
6362,5,5
6363,1,1
6364,1,1
6365,5,0
6366,1,1
6367,5,5
6368,1,1
6369,5,4
6370,2,2
6371,1,1
6372,1,1
6373,1,1
6374,5,4
6375,1,1
6376,5,5
6377,5,5
6378,1,1
6379,5,5
6380,2,2
6381,5,5
6382,5,4
6383,1,1
6384,1,1
6385,1,1
6386,2,3
6387,5,4
6388,1,1
6389,1,1
6390,5,5
6391,5,5
6392,5,4
6393,1,1
6394,5,5
6395,5,5
6396,5,4
6397,5,4
6398,5,0
6399,5,5
6400,5,0
6401,1,1
6402,1,1
6403,5,5
6404,5,5
6405,5,5
6406,1,4
6407,5,4
6408,5,3
6409,1,1
6410,5,0
6411,5,5
6412,1,1
6413,1,1
6414,1,1
6415,5,0
6416,5,5
6417,5,5
6418,5,1
6419,5,5
6420,2,2
6421,5,5
6422,2,2
6423,1,1
6424,5,4
6425,1,1
6426,5,5
6427,1,1
6428,5,5
6429,1,1
6430,1,1
6431,5,5
6432,1,1
6433,1,1
6434,5,5
6435,5,5
6436,5,5
6437,5,5
6438,5,4
6439,5,4
6440,5,5
6441,5,3
6442,1,1
6443,5,2
6444,5,5
6445,1,1
6446,1,1
6447,5,5
6448,1,1
6449,1,1
6450,5,5
6451,5,0
6452,5,5
6453,5,0
6454,5,2
6455,4,0
6456,5,5
6457,5,5
6458,1,1
6459,5,4
6460,5,5
6461,1,0
6462,1,1
6463,1,1
6464,1,1
6465,5,5
6466,5,5
6467,5,5
6468,5,0
6469,1,1
6470,1,1
6471,1,1
6472,5,5
6473,5,1
6474,5,5
6475,1,1
6476,5,5
6477,1,1
6478,1,1
6479,1,4
6480,5,5
6481,5,5
6482,1,1
6483,5,4
6484,1,1
6485,5,5
6486,1,1
6487,1,1
6488,5,5
6489,5,0
6490,5,5
6491,1,1
6492,5,5
6493,2,2
6494,5,4
6495,1,1
6496,2,2
6497,5,4
6498,5,5
6499,1,1
6500,5,3
6501,2,3
6502,5,5
6503,1,1
6504,1,1
6505,1,1
6506,5,5
6507,5,4
6508,2,3
6509,1,1
6510,5,0
6511,5,5
6512,5,5
6513,1,1
6514,5,5
6515,5,5
6516,5,5
6517,1,1
6518,5,0
6519,1,1
6520,5,3
6521,5,3
6522,5,5
6523,5,5
6524,5,5
6525,1,1
6526,1,1
6527,1,1
6528,1,1
6529,5,3
6530,5,3
6531,5,5
6532,1,4
6533,5,5
6534,1,1
6535,5,1
6536,5,4
6537,5,5
6538,5,5
6539,1,1
6540,5,5
6541,5,0
6542,5,5
6543,1,1
6544,1,1
6545,5,5
6546,1,1
6547,1,1
6548,5,1
6549,1,1
6550,5,3
6551,1,1
6552,5,4
6553,1,1
6554,2,0
6555,1,1
6556,5,5
6557,5,5
6558,1,1
6559,5,5
6560,1,1
6561,2,2
6562,1,1
6563,5,5
6564,2,2
6565,5,5
6566,2,2
6567,5,5
6568,1,1
6569,5,5
6570,5,0
6571,5,4
6572,5,4
6573,5,5
6574,5,0
6575,5,5
6576,5,5
6577,5,4
6578,1,1
6579,5,5
6580,1,1
6581,5,1
6582,5,5
6583,5,0
6584,1,1
6585,1,1
6586,1,1
6587,4,4
6588,1,1
6589,5,5
6590,1,1
6591,1,1
6592,5,5
6593,5,0
6594,5,5
6595,1,1
6596,1,1
6597,5,5
6598,5,5
6599,2,2
6600,1,1
6601,5,4
6602,5,4
6603,5,0
6604,5,4
6605,5,5
6606,1,1
6607,2,2
6608,5,5
6609,5,2
6610,5,5
6611,5,5
6612,5,5
6613,1,1
6614,5,4
6615,1,1
6616,1,1
6617,1,1
6618,2,2
6619,5,5
6620,2,3
6621,5,5
6622,1,1
6623,5,5
6624,1,1
6625,5,4
6626,5,0
6627,5,5
6628,5,4
6629,1,1
6630,1,1
6631,5,0
6632,1,1
6633,5,0
6634,2,2
6635,5,5
6636,5,5
6637,5,5
6638,1,1
6639,1,1
6640,5,4
6641,2,2
6642,1,1
6643,1,1
6644,1,4
6645,5,2
6646,5,5
6647,1,1
6648,5,5
6649,5,0
6650,5,0
6651,5,0
6652,5,4
6653,5,5
6654,5,5
6655,5,4
6656,1,1
6657,5,5
6658,5,4
6659,5,5
6660,5,0
6661,5,0
6662,1,1
6663,5,5
6664,5,5
6665,5,3
6666,1,1
6667,2,2
6668,5,5
6669,1,1
6670,5,4
6671,5,5
6672,1,1
6673,5,5
6674,2,2
6675,5,5
6676,5,5
6677,5,1
6678,5,5
6679,1,1
6680,5,4
6681,5,5
6682,1,1
6683,1,1
6684,5,0
6685,2,2
6686,5,3
6687,1,1
6688,2,3
6689,5,5
6690,5,5
6691,5,5
6692,5,5
6693,2,2
6694,1,1
6695,1,1
6696,5,5
6697,5,5
6698,5,5
6699,1,1
6700,5,5
6701,5,5
6702,2,2
6703,5,5
6704,5,5
6705,5,5
6706,5,3
6707,5,0
6708,5,5
6709,2,2
6710,1,1
6711,5,5
6712,5,5
6713,5,5
6714,1,1
6715,1,4
6716,1,1
6717,1,1
6718,5,5
6719,5,5
6720,5,3
6721,1,4
6722,5,5
6723,5,4
6724,1,1
6725,5,4
6726,1,1
6727,5,5
6728,5,5
6729,5,5
6730,5,5
6731,5,4
6732,5,5
6733,1,1
6734,5,4
6735,5,5
6736,1,1
6737,1,1
6738,5,5
6739,1,1
6740,5,0
6741,5,1
6742,5,5
6743,5,4
6744,5,5
6745,1,1
6746,1,1
6747,5,5
6748,5,4
6749,1,1
6750,5,0
6751,5,0
6752,5,5
6753,5,5
6754,1,1
6755,5,5
6756,5,3
6757,5,0
6758,5,5
6759,2,2
6760,1,1
6761,5,5
6762,1,1
6763,5,5
6764,5,5
6765,5,5
6766,5,4
6767,5,4
6768,1,4
6769,1,1
6770,5,5
6771,1,1
6772,5,5
6773,1,1
6774,5,5
6775,1,1
6776,5,5
6777,2,2
6778,5,5
6779,2,2
6780,1,1
6781,1,1
6782,5,0
6783,5,4
6784,5,4
6785,5,1
6786,1,0
6787,1,1
6788,5,5
6789,5,5
6790,5,5
6791,5,1
6792,5,5
6793,5,5
6794,1,1
6795,5,0
6796,5,5
6797,1,1
6798,1,1
6799,1,1
6800,5,5
6801,5,4
6802,1,1
6803,1,0
6804,5,5
6805,5,5
6806,1,1
6807,5,5
6808,5,3
6809,5,5
6810,5,5
6811,5,5
6812,5,5
6813,5,5
6814,5,5
6815,1,1
6816,5,4
6817,5,5
6818,5,5
6819,5,5
6820,1,1
6821,5,5
6822,5,5
6823,5,5
6824,1,1
6825,1,1
6826,5,0
6827,1,1
6828,5,4
6829,1,1
6830,5,0
6831,5,4
6832,5,5
6833,5,5
6834,5,5
6835,5,5
6836,1,1
6837,1,1
6838,5,5
6839,2,4
6840,5,5
6841,5,5
6842,1,0
6843,5,5
6844,2,2
6845,5,0
6846,5,5
6847,2,2
6848,2,2
6849,5,0
6850,2,2
6851,5,5
6852,1,1
6853,5,5
6854,2,2
6855,0,0
6856,5,5
6857,2,2
6858,1,1
6859,5,0
6860,5,4
6861,1,1
6862,5,5
6863,5,5
6864,1,1
6865,1,1
6866,1,1
6867,5,5
6868,5,5
6869,5,5
6870,5,0
6871,1,1
6872,2,3
6873,5,5
6874,5,5
6875,2,2
6876,2,3
6877,1,1
6878,1,1
6879,1,1
6880,1,0
6881,2,2
6882,5,2
6883,1,1
6884,5,5
6885,5,5
6886,5,5
6887,1,1
6888,2,3
6889,5,5
6890,5,5
6891,1,1
6892,5,5
6893,2,2
6894,5,5
6895,5,5
6896,1,1
6897,1,1
6898,5,5
6899,1,1
6900,1,1
6901,5,5
6902,1,1
6903,1,1
6904,5,5
6905,5,5
6906,1,1
6907,1,1
6908,5,5
6909,5,5
6910,5,4
6911,5,0
6912,5,5
6913,5,5
6914,5,5
6915,5,5
6916,5,5
6917,5,5
6918,5,5
6919,5,4
6920,2,2
6921,5,0
6922,5,5
6923,1,1
6924,5,5
6925,2,2
6926,5,5
6927,5,5
6928,5,5
6929,5,4
6930,5,5
6931,5,5
6932,2,2
6933,5,5
6934,5,5
6935,1,1
6936,5,5
6937,1,1
6938,5,5
6939,1,4
6940,5,5
6941,5,5
6942,5,5
6943,1,1
6944,1,1
6945,1,1
6946,1,1
6947,5,5
6948,5,4
6949,1,1
6950,5,5
6951,5,0
6952,5,5
6953,1,1
6954,2,3
6955,1,1
6956,1,1
6957,1,1
6958,1,1
6959,2,2
6960,5,5
6961,5,5
6962,5,4
6963,1,1
6964,5,4
6965,5,5
6966,5,5
6967,1,1
6968,4,0
6969,5,5
6970,2,3
6971,5,5
6972,1,1
6973,5,5
6974,1,1
6975,5,0
6976,5,4
6977,1,4
6978,5,4
6979,5,5
6980,5,5
6981,5,0
6982,1,1
6983,1,1
6984,1,1
6985,5,5
6986,1,1
6987,1,1
6988,5,5
6989,5,5
6990,2,2
6991,1,1
6992,1,1
6993,5,5
6994,5,4
6995,5,5
6996,1,1
6997,1,1
6998,5,5
6999,5,5
7000,5,5
7001,1,1
7002,5,5
7003,1,1
7004,5,5
7005,5,4
7006,2,2
7007,5,4
7008,1,4
7009,5,0
7010,5,5
7011,1,1
7012,5,5
7013,4,0
7014,5,5
7015,2,2
7016,5,5
7017,1,1
7018,5,5
7019,5,5
7020,1,1
7021,1,1
7022,1,1
7023,5,5
7024,1,1
7025,5,2
7026,5,5
7027,5,5
7028,1,1
7029,1,1
7030,1,1
7031,5,5
7032,1,1
7033,5,5
7034,5,5
7035,5,5
7036,5,4
7037,5,1
7038,5,0
7039,2,4
7040,1,1
7041,5,5
7042,5,5
7043,2,3
7044,5,5
7045,5,4
7046,5,5
7047,2,2
7048,5,3
7049,5,5
7050,5,5
7051,5,4
7052,1,1
7053,5,4
7054,1,1
7055,5,5
7056,5,2
7057,1,1
7058,1,1
7059,3,5
7060,1,1
7061,1,1
7062,1,1
7063,2,2
7064,5,5
7065,1,1
7066,5,5
7067,5,5
7068,5,5
7069,1,4
7070,1,1
7071,5,0
7072,5,5
7073,4,4
7074,5,5
7075,5,5
7076,1,1
7077,5,5
7078,2,2
7079,2,4
7080,1,1
7081,5,5
7082,5,5
7083,5,4
7084,1,1
7085,5,2
7086,5,5
7087,1,1
7088,5,0
7089,5,3
7090,1,4
7091,2,2
7092,5,5
7093,1,1
7094,1,1
7095,5,4
7096,0,0
7097,5,1
7098,5,0
7099,5,5
7100,1,1
7101,5,5
7102,5,0
7103,5,5
7104,1,1
7105,2,2
7106,1,1
7107,5,0
7108,1,1
7109,5,5
7110,1,1
7111,1,1
7112,1,1
7113,5,5
7114,1,1
7115,5,5
7116,5,5
7117,5,5
7118,5,0
7119,5,2
7120,5,4
7121,5,5
7122,5,2
7123,5,5
7124,5,5
7125,5,5
7126,5,5
7127,5,5
7128,1,4
7129,1,1
7130,5,5
7131,1,1
7132,5,4
7133,1,1
7134,5,5
7135,5,5
7136,5,5
7137,1,1
7138,5,5
7139,5,5
7140,5,5
7141,1,1
7142,5,5
7143,5,5
7144,5,4
7145,5,5
7146,5,4
7147,1,1
7148,5,5
7149,5,5
7150,5,4
7151,5,1
7152,1,1
7153,5,2
7154,1,1
7155,5,5
7156,2,2
7157,5,5
7158,1,1
7159,1,1
7160,5,5
7161,5,5
7162,5,5
7163,1,1
7164,5,5
7165,1,1
7166,3,3
7167,1,1
7168,1,1
7169,2,2
7170,5,5
7171,1,1
7172,5,5
7173,1,1
7174,5,5
7175,1,4
7176,5,5
7177,2,2
7178,2,2
7179,1,1
7180,5,0
7181,5,5
7182,5,5
7183,1,1
7184,1,1
7185,5,0
7186,1,1
7187,2,2
7188,5,0
7189,1,1
7190,5,5
7191,1,1
7192,5,5
7193,1,1
7194,1,1
7195,1,1
7196,5,5
7197,5,3
7198,5,4
7199,5,0
7200,1,1
7201,5,5
7202,1,1
7203,2,2
7204,1,1
7205,1,1
7206,5,5
7207,5,4
7208,5,5
7209,1,1
7210,5,5
7211,5,5
7212,1,1
7213,5,5
7214,5,5
7215,5,5
7216,5,1
7217,5,0
7218,5,5
7219,5,5
7220,1,1
7221,5,5
7222,5,5
7223,5,5
7224,5,5
7225,1,1
7226,5,0
7227,5,5
7228,5,5
7229,5,5
7230,5,5
7231,5,5
7232,5,3
7233,5,5
7234,5,5
7235,5,5
7236,1,1
7237,5,5
7238,1,1
7239,1,4
7240,5,5
7241,1,4
7242,5,4
7243,5,0
7244,5,4
7245,5,5
7246,5,0
7247,5,5
7248,5,0
7249,5,0
7250,5,5
7251,5,5
7252,1,1
7253,1,1
7254,5,5
7255,2,2
7256,1,1
7257,5,5
7258,5,4
7259,5,5
7260,2,2
7261,5,0
7262,5,3
7263,5,4
7264,1,1
7265,5,5
7266,5,5
7267,5,0
7268,1,1
7269,1,1
7270,5,0
7271,1,1
7272,5,5
7273,5,5
7274,1,1
7275,5,5
7276,5,5
7277,5,5
7278,5,0
7279,5,0
7280,1,1
7281,5,0
7282,5,5
7283,2,2
7284,5,5
7285,5,5
7286,1,1
7287,5,5
7288,2,2
7289,5,5
7290,5,3
7291,5,4
7292,1,1
7293,5,0
7294,5,5
7295,5,5
7296,5,5
7297,1,5
7298,5,5
7299,5,5
7300,1,1
7301,5,5
7302,5,5
7303,1,1
7304,5,5
7305,5,5
7306,5,5
7307,1,1
7308,1,1
7309,5,5
7310,2,4
7311,5,5
7312,2,2
7313,5,4
7314,1,1
7315,5,5
7316,5,5
7317,1,1
7318,1,1
7319,5,5
7320,5,0
7321,5,5
7322,1,1
7323,1,1
7324,5,5
7325,2,2
7326,5,5
7327,5,4
7328,5,5
7329,1,1
7330,5,5
7331,1,1
7332,1,0
7333,5,4
7334,5,4
7335,5,4
7336,5,0
7337,5,4
7338,1,1
7339,5,5
7340,5,5
7341,5,5
7342,5,5
7343,5,5
7344,5,0
7345,1,1
7346,5,4
7347,1,1
7348,5,0
7349,1,1
7350,5,4
7351,5,5
7352,1,1
7353,1,1
7354,5,5
7355,2,2
7356,5,5
7357,1,1
7358,1,1
7359,1,1
7360,5,4
7361,2,3
7362,5,3
7363,1,1
7364,5,0
7365,5,0
7366,1,1
7367,5,0
7368,2,0
7369,5,5
7370,5,5
7371,1,1
7372,5,0
7373,5,5
7374,5,4
7375,5,2
7376,1,1
7377,5,4
7378,5,5
7379,5,5
7380,1,1
7381,5,4
7382,1,4
7383,5,5
7384,2,2
7385,5,4
7386,1,1
7387,1,1
7388,3,3
7389,5,5
7390,1,1
7391,5,5
7392,5,4
7393,1,1
7394,1,5
7395,5,5
7396,5,0
7397,5,5
7398,1,1
7399,5,5
7400,5,5
7401,5,5
7402,1,4
7403,1,1
7404,5,1
7405,1,4
7406,5,5
7407,5,4
7408,5,5
7409,5,5
7410,1,1
7411,5,5
7412,2,2
7413,5,4
7414,5,4
7415,5,5
7416,5,0
7417,1,5
7418,5,5
7419,5,5
7420,5,0
7421,5,5
7422,5,5
7423,5,5
7424,5,5
7425,2,3
7426,5,5
7427,5,5
7428,2,2
7429,1,1
7430,1,1
7431,5,5
7432,5,5
7433,1,1
7434,5,4
7435,5,0
7436,5,5
7437,1,4
7438,1,1
7439,5,0
7440,5,5
7441,5,1
7442,5,3
7443,5,3
7444,5,0
7445,5,4
7446,5,5
7447,1,1
7448,1,1
7449,5,5
7450,1,1
7451,1,0
7452,1,1
7453,5,4
7454,5,5
7455,1,1
7456,5,5
7457,1,1
7458,5,5
7459,1,1
7460,5,0
7461,1,1
7462,1,1
7463,5,5
7464,5,5
7465,1,1
7466,2,2
7467,1,1
7468,5,5
7469,5,4
7470,1,1
7471,5,3
7472,1,1
7473,5,5
7474,1,1
7475,1,1
7476,1,1
7477,1,1
7478,1,1
7479,1,1
7480,5,1
7481,1,1
7482,5,3
7483,5,4
7484,1,1
7485,5,5
7486,5,5
7487,5,4
7488,5,5
7489,5,4
7490,5,0
7491,5,4
7492,5,5
7493,5,4
7494,5,5
7495,1,1
7496,5,5
7497,1,1
7498,5,3
7499,1,1
7500,5,5
7501,5,0
7502,5,0
7503,5,5
7504,5,4
7505,5,5
7506,5,4
7507,5,0
7508,1,1
7509,1,1
7510,1,0
7511,1,1
7512,5,0
7513,2,2
7514,1,1
7515,5,5
7516,5,5
7517,1,4
7518,1,1
7519,5,0
7520,5,3
7521,1,4
7522,1,1
7523,5,0
7524,5,5
7525,1,1
7526,1,1
7527,1,1
7528,1,1
7529,1,1
7530,5,5
7531,1,1
7532,1,1
7533,5,1
7534,5,5
7535,5,0
7536,1,1
7537,5,5
7538,1,1
7539,2,2
7540,1,1
7541,5,0
7542,5,4
7543,5,5
7544,5,5
7545,5,5
7546,1,1
7547,1,1
7548,1,1
7549,5,4
7550,1,1
7551,1,1
7552,1,1
7553,5,3
7554,5,5
7555,1,1
7556,2,2
7557,5,5
7558,5,4
7559,5,4
7560,5,5
7561,2,2
7562,5,5
7563,1,1
7564,5,5
7565,5,4
7566,5,5
7567,1,5
7568,5,3
7569,2,2
7570,1,1
7571,1,1
7572,5,0
7573,5,0
7574,1,1
7575,1,1
7576,5,5
7577,1,5
7578,1,1
7579,1,1
7580,1,1
7581,1,1
7582,5,4
7583,1,5
7584,5,5
7585,2,2
7586,5,5
7587,1,1
7588,5,5
7589,1,1
7590,5,3
7591,1,1
7592,5,5
7593,2,2
7594,5,0
7595,1,1
7596,5,5
7597,5,5
7598,5,5
7599,5,5
7600,5,4
7601,1,1
7602,5,1
7603,5,4
7604,5,5
7605,1,1
7606,1,1
7607,1,1
7608,1,1
7609,5,2
7610,5,4
7611,5,5
7612,2,2
7613,2,2
7614,5,5
7615,1,1
7616,5,5
7617,5,3
7618,1,1
7619,1,1
7620,5,5
7621,1,1
7622,1,4
7623,2,2
7624,1,1
7625,5,5
7626,5,5
7627,5,1
7628,5,5
7629,2,2
7630,1,1
7631,1,0
7632,5,5
7633,2,3
7634,1,1
7635,2,2
7636,1,1
7637,5,5
7638,5,5
7639,5,5
7640,1,1
7641,5,5
7642,5,5
7643,2,2
7644,5,5
7645,1,1
7646,5,5
7647,5,1
7648,5,5
7649,1,1
7650,5,4
7651,1,1
7652,5,4
7653,2,2
7654,5,5
7655,5,5
7656,5,4
7657,1,1
7658,5,5
7659,2,3
7660,1,1
7661,5,5
7662,5,3
7663,1,1
7664,5,5
7665,1,1
7666,5,5
7667,1,1
7668,5,0
7669,1,1
7670,5,0
7671,5,0
7672,5,5
7673,1,1
7674,5,5
7675,5,5
7676,5,4
7677,1,1
7678,1,1
7679,1,1
7680,1,1
7681,1,1
7682,2,2
7683,5,5
7684,5,5
7685,1,1
7686,1,1
7687,1,1
7688,5,5
7689,1,1
7690,5,5
7691,5,4
7692,5,5
7693,5,5
7694,5,5
7695,5,5
7696,1,1
7697,5,0
7698,1,1
7699,5,0
7700,5,5
7701,5,5
7702,5,5
7703,5,1
7704,5,5
7705,5,0
7706,5,5
7707,5,4
7708,5,5
7709,2,2
7710,5,0
7711,5,5
7712,2,3
7713,5,0
7714,5,4
7715,5,5
7716,5,5
7717,1,1
7718,5,5
7719,5,0
7720,1,1
7721,1,1
7722,5,5
7723,1,1
7724,2,2
7725,1,1
7726,5,5
7727,5,5
7728,1,1
7729,1,1
7730,5,5
7731,1,4
7732,1,1
7733,1,1
7734,5,5
7735,5,0
7736,5,5
7737,2,2
7738,5,3
7739,1,1
7740,5,5
7741,5,5
7742,1,1
7743,5,5
7744,1,1
7745,5,5
7746,2,4
7747,1,1
7748,5,3
7749,5,5
7750,1,1
7751,2,3
7752,5,4
7753,5,5
7754,5,5
7755,5,4
7756,2,2
7757,1,1
7758,5,5
7759,5,5
7760,1,1
7761,1,0
7762,5,5
7763,5,3
7764,5,0
7765,5,5
7766,5,5
7767,1,1
7768,2,2
7769,5,5
7770,5,5
7771,5,5
7772,1,1
7773,2,2
7774,5,5
7775,2,3
7776,5,4
7777,1,1
7778,5,5
7779,1,1
7780,1,1
7781,5,0
7782,1,1
7783,5,5
7784,1,1
7785,5,5
7786,5,5
7787,5,0
7788,5,5
7789,5,5
7790,1,1
7791,2,2
7792,5,5
7793,1,4
7794,1,1
7795,5,5
7796,5,5
7797,5,5
7798,1,1
7799,5,4
7800,5,5
7801,5,4
7802,1,1
7803,5,0
7804,1,1
7805,5,5
7806,5,4
7807,5,5
7808,5,4
7809,5,0
7810,5,5
7811,5,5
7812,1,1
7813,1,1
7814,5,5
7815,5,5
7816,1,1
7817,5,5
7818,5,5
7819,1,1
7820,5,5
7821,1,1
7822,5,4
7823,1,4
7824,1,1
7825,1,1
7826,5,3
7827,5,5
7828,5,4
7829,1,1
7830,5,5
7831,5,0
7832,5,5
7833,1,1
7834,5,5
7835,2,2
7836,1,1
7837,5,5
7838,5,5
7839,5,5
7840,1,1
7841,1,1
7842,1,4
7843,1,4
7844,5,5
7845,1,1
7846,5,5
7847,5,4
7848,5,4
7849,1,1
7850,1,1
7851,1,1
7852,1,1
7853,5,5
7854,5,5
7855,2,2
7856,5,5
7857,5,5
7858,1,1
7859,5,0
7860,2,2
7861,5,0
7862,5,3
7863,5,5
7864,5,5
7865,1,1
7866,5,5
7867,1,1
7868,1,0
7869,5,4
7870,5,5
7871,5,5
7872,5,5
7873,1,1
7874,1,1
7875,1,1
7876,5,5
7877,2,2
7878,5,0
7879,1,1
7880,5,5
7881,5,5
7882,5,3
7883,1,1
7884,5,4
7885,2,2
7886,5,5
7887,5,5
7888,5,5
7889,1,1
7890,5,5
7891,1,1
7892,5,5
7893,1,1
7894,1,1
7895,1,1
7896,5,5
7897,3,3
7898,1,1
7899,5,4
7900,1,1
7901,1,1
7902,5,5
7903,5,0
7904,1,1
7905,5,5
7906,5,4
7907,5,5
7908,1,1
7909,2,3
7910,5,0
7911,5,5
7912,5,5
7913,1,1
7914,1,5
7915,5,5
7916,1,1
7917,5,5
7918,1,1
7919,5,5
7920,5,5
7921,5,0
7922,5,4
7923,1,0
7924,5,4
7925,1,1
7926,5,1
7927,5,5
7928,1,1
7929,1,1
7930,1,1
7931,1,1
7932,1,1
7933,1,4
7934,5,5
7935,5,0
7936,5,5
7937,2,3
7938,1,1
7939,5,1
7940,1,1
7941,5,5
7942,1,1
7943,1,1
7944,5,5
7945,5,0
7946,5,4
7947,1,1
7948,1,1
7949,1,1
7950,5,4
7951,1,1
7952,1,1
7953,5,5
7954,1,4
7955,5,5
7956,5,0
7957,2,2
7958,5,5
7959,5,5
7960,5,5
7961,5,3
7962,5,4
7963,5,0
7964,5,5
7965,5,5
7966,5,0
7967,1,1
7968,5,5
7969,5,5
7970,5,5
7971,5,5
7972,5,4
7973,5,5
7974,5,2
7975,5,5
7976,1,1
7977,2,2
7978,5,5
7979,5,4
7980,5,5
7981,5,5
7982,1,1
7983,2,2
7984,5,5
7985,1,4
7986,1,1
7987,1,1
7988,5,0
7989,1,1
7990,5,5
7991,1,4
7992,1,1
7993,1,1
7994,1,1
7995,5,4
7996,5,5
7997,5,5
7998,5,5
7999,5,0
8000,5,5
8001,5,5
8002,2,4
8003,5,0
8004,5,0
8005,5,5
8006,5,5
8007,5,5
8008,5,0
8009,5,5
8010,5,5
8011,5,5
8012,5,5
8013,5,5
8014,1,1
8015,5,4
8016,1,1
8017,5,3
8018,2,2
8019,5,5
8020,5,5
8021,1,4
8022,5,5
8023,1,1
8024,5,0
8025,1,1
8026,1,1
8027,1,1
8028,5,3
8029,5,4
8030,1,1
8031,5,4
8032,1,1
8033,5,3
8034,5,5
8035,5,5
8036,1,1
8037,1,1
8038,5,5
8039,5,4
8040,5,5
8041,5,0
8042,5,5
8043,5,4
8044,5,4
8045,5,5
8046,5,4
8047,5,5
8048,5,4
8049,5,4
8050,1,1
8051,5,5
8052,5,5
8053,5,0
8054,5,0
8055,1,1
8056,1,1
8057,1,1
8058,1,5
8059,5,5
8060,5,5
8061,5,5
8062,2,2
8063,1,1
8064,5,1
8065,5,4
8066,2,2
8067,1,4
8068,1,1
8069,2,3
8070,2,5
8071,1,1
8072,5,5
8073,5,5
8074,5,5
8075,5,4
8076,1,1
8077,5,5
8078,5,5
8079,5,5
8080,5,5
8081,5,5
8082,5,5
8083,5,4
8084,1,1
8085,1,1
8086,1,1
8087,2,0
8088,1,1
8089,5,5
8090,1,1
8091,5,5
8092,1,1
8093,5,5
8094,5,3
8095,1,1
8096,5,5
8097,5,5
8098,5,5
8099,1,1
8100,5,5
8101,5,5
8102,5,5
8103,5,5
8104,2,0
8105,1,1
8106,5,5
8107,1,1
8108,5,5
8109,1,1
8110,5,3
8111,5,0
8112,5,5
8113,5,5
8114,5,0
8115,5,3
8116,5,5
8117,1,1
8118,5,5
8119,5,4
8120,1,1
8121,5,5
8122,2,2
8123,1,1
8124,5,4
8125,5,5
8126,5,0
8127,1,4
8128,5,0
8129,1,1
8130,5,5
8131,5,0
8132,5,5
8133,1,1
8134,1,1
8135,5,3
8136,5,5
8137,5,4
8138,5,4
8139,5,0
8140,5,5
8141,5,5
8142,5,5
8143,5,5
8144,5,5
8145,1,1
8146,5,5
8147,5,5
8148,5,0
8149,1,1
8150,2,2
8151,1,1
8152,1,1
8153,5,0
8154,5,0
8155,5,5
8156,5,5
8157,5,5
8158,5,5
8159,5,5
8160,5,0
8161,1,1
8162,5,5
8163,5,0
8164,1,1
8165,5,5
8166,5,5
8167,5,5
8168,1,1
8169,5,5
8170,5,5
8171,5,5
8172,2,0
8173,5,5
8174,5,0
8175,5,0
8176,5,3
8177,1,1
8178,5,5
8179,5,5
8180,1,1
8181,5,5
8182,2,3
8183,1,1
8184,5,5
8185,5,5
8186,5,0
8187,1,1
8188,1,1
8189,2,2
8190,5,0
8191,5,0
8192,5,5
8193,1,4
8194,5,4
8195,1,1
8196,5,5
8197,5,5
8198,5,5
8199,1,0
8200,5,0
8201,1,0
8202,5,5
8203,5,5
8204,1,1
8205,1,1
8206,5,5
8207,5,0
8208,5,5
8209,5,5
8210,5,5
8211,5,5
8212,5,5
8213,5,5
8214,1,1
8215,1,1
8216,1,1
8217,1,1
8218,1,1
8219,5,0
8220,5,5
8221,1,1
8222,5,5
8223,1,1
8224,5,5
8225,5,0
8226,5,5
8227,5,5
8228,1,1
8229,5,5
8230,1,1
8231,5,4
8232,5,5
8233,1,1
8234,2,3
8235,2,2
8236,1,4
